"record_id","month","day","year","plot_id","species_id","sex","hindfoot_length","weight","genus","species","taxa","plot_type"
21631,6,14,1994,1,"DM","M",38,42,"Dipodomys","merriami","Rodent","Spectab exclosure"
10821,9,22,1985,13,"DM","M",35,49,"Dipodomys","merriami","Rodent","Short-term Krat Exclosure"
34418,7,13,2002,1,"DM","M",37,50,"Dipodomys","merriami","Rodent","Spectab exclosure"
14383,4,18,1988,18,"OT","M",17,9,"Onychomys","torridus","Rodent","Short-term Krat Exclosure"
32529,8,26,2001,11,"PE","M",19,18,"Peromyscus","eremicus","Rodent","Control"
23790,4,15,1996,3,"PF","M",15,7,"Perognathus","flavus","Rodent","Long-term Krat Exclosure"
25460,4,12,1997,18,"PP","M",22,19,"Chaetodipus","penicillatus","Rodent","Short-term Krat Exclosure"
4566,6,5,1981,11,"PP","F",22,18,"Chaetodipus","penicillatus","Rodent","Control"
8229,8,16,1983,5,"DS","M",49,120,"Dipodomys","spectabilis","Rodent","Rodent Exclosure"
2947,5,17,1980,1,"DS","M",48,102,"Dipodomys","spectabilis","Rodent","Spectab exclosure"
29907,10,10,1999,6,"OT","M",20,23,"Onychomys","torridus","Rodent","Short-term Krat Exclosure"
23938,5,23,1996,18,"PF","M",15,7,"Perognathus","flavus","Rodent","Short-term Krat Exclosure"
25582,4,13,1997,9,"OL","F",21,38,"Onychomys","leucogaster","Rodent","Spectab exclosure"
7443,2,27,1983,14,"DM","F",37,39,"Dipodomys","merriami","Rodent","Control"
25636,4,13,1997,8,"DO","M",38,48,"Dipodomys","ordii","Rodent","Control"
3407,11,8,1980,20,"DM","M",35,40,"Dipodomys","merriami","Rodent","Short-term Krat Exclosure"
28092,6,28,1998,3,"PB","M",28,27,"Chaetodipus","baileyi","Rodent","Long-term Krat Exclosure"
29604,5,15,1999,20,"PP","M",20,19,"Chaetodipus","penicillatus","Rodent","Short-term Krat Exclosure"
34631,7,14,2002,13,"PP","F",22,11,"Chaetodipus","penicillatus","Rodent","Short-term Krat Exclosure"
3767,1,12,1981,11,"DS","M",49,128,"Dipodomys","spectabilis","Rodent","Control"
29418,3,15,1999,5,"OT","M",19,24,"Onychomys","torridus","Rodent","Rodent Exclosure"
31790,3,3,2001,1,"PB","M",27,36,"Chaetodipus","baileyi","Rodent","Spectab exclosure"
13000,7,1,1987,5,"DO","M",37,60,"Dipodomys","ordii","Rodent","Rodent Exclosure"
8624,11,12,1983,24,"NL","F",32,178,"Neotoma","albigula","Rodent","Rodent Exclosure"
30464,3,4,2000,18,"PB","M",25,26,"Chaetodipus","baileyi","Rodent","Short-term Krat Exclosure"
6015,6,28,1982,4,"DM","M",37,50,"Dipodomys","merriami","Rodent","Control"
10111,3,17,1985,15,"DM","F",39,43,"Dipodomys","merriami","Rodent","Long-term Krat Exclosure"
8637,11,13,1983,5,"OL","M",20,39,"Onychomys","leucogaster","Rodent","Rodent Exclosure"
5638,3,30,1982,3,"OL","F",21,32,"Onychomys","leucogaster","Rodent","Long-term Krat Exclosure"
11400,4,13,1986,4,"DS","F",49,125,"Dipodomys","spectabilis","Rodent","Control"
9010,4,9,1984,14,"RM","M",16,11,"Reithrodontomys","megalotis","Rodent","Control"
462,12,11,1977,17,"DM","M",36,40,"Dipodomys","merriami","Rodent","Control"
26451,7,9,1997,12,"DM","F",35,45,"Dipodomys","merriami","Rodent","Control"
23898,5,23,1996,22,"DM","F",37,42,"Dipodomys","merriami","Rodent","Control"
20687,2,26,1993,6,"RM","F",16,12,"Reithrodontomys","megalotis","Rodent","Short-term Krat Exclosure"
11876,9,7,1986,1,"DM","M",37,54,"Dipodomys","merriami","Rodent","Spectab exclosure"
27170,11,22,1997,24,"PE","F",20,21,"Peromyscus","eremicus","Rodent","Rodent Exclosure"
22184,4,1,1995,17,"DM","M",37,55,"Dipodomys","merriami","Rodent","Control"
12718,4,26,1987,9,"DM","M",36,47,"Dipodomys","merriami","Rodent","Spectab exclosure"
28878,11,22,1998,4,"DM","M",36,48,"Dipodomys","merriami","Rodent","Control"
7090,11,22,1982,12,"PE","M",19,17,"Peromyscus","eremicus","Rodent","Control"
25100,2,9,1997,8,"DM","M",34,39,"Dipodomys","merriami","Rodent","Control"
26588,7,29,1997,17,"DM","F",35,42,"Dipodomys","merriami","Rodent","Control"
31915,3,25,2001,13,"PB","M",26,44,"Chaetodipus","baileyi","Rodent","Short-term Krat Exclosure"
10251,4,20,1985,12,"DM","F",38,44,"Dipodomys","merriami","Rodent","Control"
34295,6,16,2002,3,"PI","M",22,21,"Chaetodipus","intermedius","Rodent","Long-term Krat Exclosure"
26402,7,9,1997,7,"PP","F",22,18,"Chaetodipus","penicillatus","Rodent","Rodent Exclosure"
13006,7,1,1987,11,"DM","M",35,44,"Dipodomys","merriami","Rodent","Control"
13840,11,22,1987,13,"DM","F",35,38,"Dipodomys","merriami","Rodent","Short-term Krat Exclosure"
28517,9,19,1998,21,"PP","F",22,16,"Chaetodipus","penicillatus","Rodent","Long-term Krat Exclosure"
7790,4,17,1983,4,"DS","F",51,127,"Dipodomys","spectabilis","Rodent","Control"
10325,4,21,1985,1,"DM","F",36,46,"Dipodomys","merriami","Rodent","Spectab exclosure"
31305,8,26,2000,6,"PB","M",26,25,"Chaetodipus","baileyi","Rodent","Short-term Krat Exclosure"
22359,6,8,1995,6,"PF","F",16,9,"Perognathus","flavus","Rodent","Short-term Krat Exclosure"
32147,5,27,2001,15,"PP","F",22,21,"Chaetodipus","penicillatus","Rodent","Long-term Krat Exclosure"
35180,11,10,2002,15,"PB","M",26,38,"Chaetodipus","baileyi","Rodent","Long-term Krat Exclosure"
32991,10,14,2001,13,"PB","M",28,33,"Chaetodipus","baileyi","Rodent","Short-term Krat Exclosure"
20532,12,21,1992,24,"RM","F",17,10,"Reithrodontomys","megalotis","Rodent","Rodent Exclosure"
27784,5,2,1998,12,"DM","M",36,47,"Dipodomys","merriami","Rodent","Control"
21166,10,15,1993,12,"DM","F",36,42,"Dipodomys","merriami","Rodent","Control"
31098,7,22,2000,1,"PB","F",26,23,"Chaetodipus","baileyi","Rodent","Spectab exclosure"
34330,6,16,2002,11,"OT","M",20,23,"Onychomys","torridus","Rodent","Control"
10448,5,24,1985,7,"RM","F",18,12,"Reithrodontomys","megalotis","Rodent","Rodent Exclosure"
5675,3,30,1982,9,"DS","F",51,140,"Dipodomys","spectabilis","Rodent","Spectab exclosure"
6600,9,18,1982,13,"DM","M",36,48,"Dipodomys","merriami","Rodent","Short-term Krat Exclosure"
25208,3,15,1997,22,"DM","M",37,57,"Dipodomys","merriami","Rodent","Control"
20857,5,22,1993,12,"DM","F",35,47,"Dipodomys","merriami","Rodent","Control"
5130,12,31,1981,24,"PE","F",22,23,"Peromyscus","eremicus","Rodent","Rodent Exclosure"
11306,3,9,1986,5,"DM","F",36,44,"Dipodomys","merriami","Rodent","Rodent Exclosure"
3251,9,7,1980,24,"NL","F",33,139,"Neotoma","albigula","Rodent","Rodent Exclosure"
7878,5,14,1983,21,"PF","F",17,7,"Perognathus","flavus","Rodent","Long-term Krat Exclosure"
10873,10,12,1985,17,"DO","M",35,50,"Dipodomys","ordii","Rodent","Control"
7308,1,13,1983,1,"DM","F",36,40,"Dipodomys","merriami","Rodent","Spectab exclosure"
23117,12,21,1995,2,"DM","M",35,23,"Dipodomys","merriami","Rodent","Control"
17032,1,29,1990,21,"RM","M",17,8,"Reithrodontomys","megalotis","Rodent","Long-term Krat Exclosure"
34437,7,13,2002,12,"DO","M",37,51,"Dipodomys","ordii","Rodent","Control"
20366,9,26,1992,12,"DM","F",33,52,"Dipodomys","merriami","Rodent","Control"
27452,1,31,1998,21,"PB","M",26,35,"Chaetodipus","baileyi","Rodent","Long-term Krat Exclosure"
15473,1,11,1989,9,"RM","F",16,9,"Reithrodontomys","megalotis","Rodent","Spectab exclosure"
16476,9,4,1989,8,"DM","F",36,42,"Dipodomys","merriami","Rodent","Control"
31242,8,25,2000,22,"PB","F",27,43,"Chaetodipus","baileyi","Rodent","Control"
5424,2,23,1982,3,"RM","M",16,7,"Reithrodontomys","megalotis","Rodent","Long-term Krat Exclosure"
18001,11,10,1990,12,"DM","F",36,46,"Dipodomys","merriami","Rodent","Control"
16776,12,4,1989,17,"DO","F",36,50,"Dipodomys","ordii","Rodent","Control"
30927,7,1,2000,12,"PB","F",25,34,"Chaetodipus","baileyi","Rodent","Control"
6444,8,16,1982,4,"DM","M",37,50,"Dipodomys","merriami","Rodent","Control"
25762,5,10,1997,18,"PP","F",22,20,"Chaetodipus","penicillatus","Rodent","Short-term Krat Exclosure"
31148,7,22,2000,21,"PB","F",26,27,"Chaetodipus","baileyi","Rodent","Long-term Krat Exclosure"
21328,2,1,1994,1,"DM","F",36,41,"Dipodomys","merriami","Rodent","Spectab exclosure"
26170,6,11,1997,16,"PM","F",21,16,"Peromyscus","maniculatus","Rodent","Rodent Exclosure"
29564,5,15,1999,1,"DO","M",37,37,"Dipodomys","ordii","Rodent","Spectab exclosure"
15971,5,9,1989,20,"RM","M",17,10,"Reithrodontomys","megalotis","Rodent","Short-term Krat Exclosure"
30168,1,8,2000,1,"PB","M",25,24,"Chaetodipus","baileyi","Rodent","Spectab exclosure"
14395,4,18,1988,9,"DM","M",35,27,"Dipodomys","merriami","Rodent","Spectab exclosure"
17207,2,25,1990,9,"DM","M",36,47,"Dipodomys","merriami","Rodent","Spectab exclosure"
30203,1,8,2000,20,"PB","M",26,42,"Chaetodipus","baileyi","Rodent","Short-term Krat Exclosure"
35442,12,29,2002,17,"PB","F",27,30,"Chaetodipus","baileyi","Rodent","Control"
29646,5,16,1999,6,"PB","M",27,43,"Chaetodipus","baileyi","Rodent","Short-term Krat Exclosure"
19544,1,8,1992,21,"RM","F",14,9,"Reithrodontomys","megalotis","Rodent","Long-term Krat Exclosure"
9627,10,20,1984,23,"RM","F",17,12,"Reithrodontomys","megalotis","Rodent","Rodent Exclosure"
16663,11,5,1989,14,"DM","M",36,41,"Dipodomys","merriami","Rodent","Control"
20135,7,4,1992,14,"DM","M",35,38,"Dipodomys","merriami","Rodent","Control"
33195,11,18,2001,13,"PB","M",27,31,"Chaetodipus","baileyi","Rodent","Short-term Krat Exclosure"
29940,11,6,1999,1,"PB","F",26,22,"Chaetodipus","baileyi","Rodent","Spectab exclosure"
10834,9,22,1985,8,"DM","F",34,50,"Dipodomys","merriami","Rodent","Control"
876,5,17,1978,6,"DM","M",36,41,"Dipodomys","merriami","Rodent","Short-term Krat Exclosure"
31259,8,25,2000,20,"PB","F",26,22,"Chaetodipus","baileyi","Rodent","Short-term Krat Exclosure"
26048,6,10,1997,12,"PM","M",20,20,"Peromyscus","maniculatus","Rodent","Control"
30675,4,31,2000,4,"PB","M",26,36,"Chaetodipus","baileyi","Rodent","Control"
4386,5,3,1981,12,"DS","M",51,136,"Dipodomys","spectabilis","Rodent","Control"
16003,5,9,1989,1,"PE","M",21,22,"Peromyscus","eremicus","Rodent","Spectab exclosure"
9417,8,1,1984,8,"DO","M",35,52,"Dipodomys","ordii","Rodent","Control"
17957,10,17,1990,21,"OT","F",20,24,"Onychomys","torridus","Rodent","Long-term Krat Exclosure"
29708,6,12,1999,12,"DM","F",36,44,"Dipodomys","merriami","Rodent","Control"
32516,8,26,2001,6,"PB","M",27,28,"Chaetodipus","baileyi","Rodent","Short-term Krat Exclosure"
12601,4,6,1987,11,"DM","M",37,50,"Dipodomys","merriami","Rodent","Control"
17936,10,16,1990,9,"DM","M",37,47,"Dipodomys","merriami","Rodent","Spectab exclosure"
16570,10,8,1989,17,"DO","M",36,56,"Dipodomys","ordii","Rodent","Control"
20980,7,14,1993,12,"PP","M",22,19,"Chaetodipus","penicillatus","Rodent","Control"
31520,11,25,2000,2,"PE","M",20,23,"Peromyscus","eremicus","Rodent","Control"
14610,6,12,1988,3,"RF","F",20,15,"Reithrodontomys","fulvescens","Rodent","Long-term Krat Exclosure"
26222,6,11,1997,21,"PB","M",28,29,"Chaetodipus","baileyi","Rodent","Long-term Krat Exclosure"
8176,8,15,1983,12,"OT","F",21,24,"Onychomys","torridus","Rodent","Control"
30654,4,31,2000,6,"PP","M",23,24,"Chaetodipus","penicillatus","Rodent","Short-term Krat Exclosure"
14468,5,14,1988,17,"DO","M",36,52,"Dipodomys","ordii","Rodent","Control"
7933,5,15,1983,11,"DM","M",37,46,"Dipodomys","merriami","Rodent","Control"
31602,11,26,2000,14,"OT","F",21,32,"Onychomys","torridus","Rodent","Control"
26093,6,10,1997,12,"OT","M",21,28,"Onychomys","torridus","Rodent","Control"
27743,3,29,1998,22,"DM","M",36,50,"Dipodomys","merriami","Rodent","Control"
26331,7,9,1997,9,"PF","M",16,6,"Perognathus","flavus","Rodent","Spectab exclosure"
30744,6,3,2000,12,"OT","F",20,26,"Onychomys","torridus","Rodent","Control"
16421,9,3,1989,18,"PP","F",24,15,"Chaetodipus","penicillatus","Rodent","Short-term Krat Exclosure"
2349,1,16,1980,6,"DM","F",37,46,"Dipodomys","merriami","Rodent","Short-term Krat Exclosure"
35195,12,7,2002,1,"DO","M",35,42,"Dipodomys","ordii","Rodent","Spectab exclosure"
21118,9,16,1993,17,"PF","M",15,7,"Perognathus","flavus","Rodent","Control"
29862,10,9,1999,2,"PP","M",22,19,"Chaetodipus","penicillatus","Rodent","Control"
20314,8,30,1992,14,"DM","M",35,40,"Dipodomys","merriami","Rodent","Control"
15052,11,5,1988,22,"DM","F",37,46,"Dipodomys","merriami","Rodent","Control"
22376,6,27,1995,18,"PP","F",23,22,"Chaetodipus","penicillatus","Rodent","Short-term Krat Exclosure"
34416,7,13,2002,1,"PP","F",22,18,"Chaetodipus","penicillatus","Rodent","Spectab exclosure"
32945,10,14,2001,11,"PB","F",27,30,"Chaetodipus","baileyi","Rodent","Control"
35018,11,9,2002,19,"PB","M",27,35,"Chaetodipus","baileyi","Rodent","Long-term Krat Exclosure"
34686,9,8,2002,17,"PB","F",26,31,"Chaetodipus","baileyi","Rodent","Control"
3269,9,7,1980,20,"DS","F",54,150,"Dipodomys","spectabilis","Rodent","Short-term Krat Exclosure"
16945,1,7,1990,8,"DM","F",35,49,"Dipodomys","merriami","Rodent","Control"
33423,2,9,2002,3,"DM","M",36,49,"Dipodomys","merriami","Rodent","Long-term Krat Exclosure"
856,5,6,1978,9,"DM","F",37,50,"Dipodomys","merriami","Rodent","Spectab exclosure"
496,12,11,1977,17,"DM","F",36,37,"Dipodomys","merriami","Rodent","Control"
27214,11,22,1997,2,"PE","M",20,21,"Peromyscus","eremicus","Rodent","Control"
5379,2,22,1982,19,"RM","M",17,12,"Reithrodontomys","megalotis","Rodent","Long-term Krat Exclosure"
26950,9,28,1997,11,"PM","M",21,20,"Peromyscus","maniculatus","Rodent","Control"
16547,10,8,1989,12,"PP","M",22,15,"Chaetodipus","penicillatus","Rodent","Control"
14381,4,18,1988,7,"RM","F",16,14,"Reithrodontomys","megalotis","Rodent","Rodent Exclosure"
3368,10,12,1980,6,"DM","M",37,39,"Dipodomys","merriami","Rodent","Short-term Krat Exclosure"
24493,9,22,1996,14,"DM","F",36,49,"Dipodomys","merriami","Rodent","Control"
25443,4,12,1997,12,"DM","M",35,44,"Dipodomys","merriami","Rodent","Control"
23859,4,15,1996,6,"DO","M",37,59,"Dipodomys","ordii","Rodent","Short-term Krat Exclosure"
24687,11,16,1996,22,"OT","F",22,25,"Onychomys","torridus","Rodent","Control"
15650,2,5,1989,15,"OL","M",22,33,"Onychomys","leucogaster","Rodent","Long-term Krat Exclosure"
1922,7,25,1979,2,"DS","F",50,80,"Dipodomys","spectabilis","Rodent","Control"
11832,9,6,1986,12,"DM","F",37,44,"Dipodomys","merriami","Rodent","Control"
11657,7,3,1986,12,"DM","M",36,50,"Dipodomys","merriami","Rodent","Control"
3534,11,9,1980,12,"DM","M",36,56,"Dipodomys","merriami","Rodent","Control"
16783,12,4,1989,17,"RM","M",17,10,"Reithrodontomys","megalotis","Rodent","Control"
35026,11,9,2002,19,"PB","F",25,34,"Chaetodipus","baileyi","Rodent","Long-term Krat Exclosure"
10637,8,19,1985,14,"DM","M",37,52,"Dipodomys","merriami","Rodent","Control"
16140,6,3,1989,18,"PM","F",20,23,"Peromyscus","maniculatus","Rodent","Short-term Krat Exclosure"
30725,6,3,2000,1,"DM","M",35,49,"Dipodomys","merriami","Rodent","Spectab exclosure"
15969,4,2,1989,7,"PE","M",22,21,"Peromyscus","eremicus","Rodent","Rodent Exclosure"
21559,5,18,1994,19,"PF","M",16,8,"Perognathus","flavus","Rodent","Long-term Krat Exclosure"
9468,8,25,1984,17,"DM","F",35,42,"Dipodomys","merriami","Rodent","Control"
19247,11,13,1991,19,"OT","M",20,22,"Onychomys","torridus","Rodent","Long-term Krat Exclosure"
25680,4,13,1997,14,"DM","M",37,47,"Dipodomys","merriami","Rodent","Control"
15133,11,6,1988,11,"DM","F",35,38,"Dipodomys","merriami","Rodent","Control"
32463,8,25,2001,20,"PP","F",22,17,"Chaetodipus","penicillatus","Rodent","Short-term Krat Exclosure"
14125,2,22,1988,15,"PE","M",21,24,"Peromyscus","eremicus","Rodent","Long-term Krat Exclosure"
32125,5,27,2001,8,"OT","F",21,32,"Onychomys","torridus","Rodent","Control"
1527,12,3,1978,6,"DS","F",50,111,"Dipodomys","spectabilis","Rodent","Short-term Krat Exclosure"
13894,1,23,1988,19,"RM","M",16,8,"Reithrodontomys","megalotis","Rodent","Long-term Krat Exclosure"
1898,7,4,1979,2,"PP","M",20,10,"Chaetodipus","penicillatus","Rodent","Control"
25274,3,15,1997,1,"DO","M",35,50,"Dipodomys","ordii","Rodent","Spectab exclosure"
11590,6,5,1986,3,"PP","F",22,14,"Chaetodipus","penicillatus","Rodent","Long-term Krat Exclosure"
23598,3,23,1996,2,"PE","M",20,25,"Peromyscus","eremicus","Rodent","Control"
1875,7,3,1979,20,"DS","M",46,43,"Dipodomys","spectabilis","Rodent","Short-term Krat Exclosure"
2036,9,22,1979,21,"PE","F",19,24,"Peromyscus","eremicus","Rodent","Long-term Krat Exclosure"
30857,6,4,2000,9,"DO","M",35,44,"Dipodomys","ordii","Rodent","Spectab exclosure"
18313,1,12,1991,11,"DM","M",36,43,"Dipodomys","merriami","Rodent","Control"
9578,9,30,1984,8,"DO","F",35,65,"Dipodomys","ordii","Rodent","Control"
16533,10,7,1989,8,"DM","F",37,45,"Dipodomys","merriami","Rodent","Control"
20513,10,19,1992,3,"RM","F",12,10,"Reithrodontomys","megalotis","Rodent","Long-term Krat Exclosure"
13741,11,22,1987,8,"DM","F",36,44,"Dipodomys","merriami","Rodent","Control"
6900,10,24,1982,14,"OL","M",21,36,"Onychomys","leucogaster","Rodent","Control"
28631,9,21,1998,15,"PP","M",22,14,"Chaetodipus","penicillatus","Rodent","Long-term Krat Exclosure"
15529,2,4,1989,1,"DM","M",39,50,"Dipodomys","merriami","Rodent","Spectab exclosure"
13228,8,25,1987,6,"DO","M",37,54,"Dipodomys","ordii","Rodent","Short-term Krat Exclosure"
27952,5,29,1998,6,"PB","F",26,39,"Chaetodipus","baileyi","Rodent","Short-term Krat Exclosure"
28700,10,24,1998,19,"PP","M",22,15,"Chaetodipus","penicillatus","Rodent","Long-term Krat Exclosure"
35182,11,10,2002,16,"PB","F",25,31,"Chaetodipus","baileyi","Rodent","Rodent Exclosure"
6770,10,23,1982,5,"OT","M",21,24,"Onychomys","torridus","Rodent","Rodent Exclosure"
30984,7,1,2000,24,"PP","M",21,21,"Chaetodipus","penicillatus","Rodent","Rodent Exclosure"
4556,6,5,1981,17,"DM","F",34,26,"Dipodomys","merriami","Rodent","Control"
9223,5,27,1984,20,"DM","M",32,20,"Dipodomys","merriami","Rodent","Short-term Krat Exclosure"
4710,7,30,1981,8,"DO","F",38,57,"Dipodomys","ordii","Rodent","Control"
13868,1,23,1988,14,"RM","F",17,11,"Reithrodontomys","megalotis","Rodent","Control"
27028,10,25,1997,12,"DM","M",34,43,"Dipodomys","merriami","Rodent","Control"
16520,10,7,1989,3,"OT","M",21,22,"Onychomys","torridus","Rodent","Long-term Krat Exclosure"
28923,12,22,1998,2,"OT","F",20,23,"Onychomys","torridus","Rodent","Control"
30024,11,7,1999,9,"DM","F",34,40,"Dipodomys","merriami","Rodent","Spectab exclosure"
12244,2,1,1987,4,"DM","F",34,43,"Dipodomys","merriami","Rodent","Control"
6084,6,29,1982,11,"DS","M",50,92,"Dipodomys","spectabilis","Rodent","Control"
5306,1,25,1982,14,"OL","M",21,44,"Onychomys","leucogaster","Rodent","Control"
25777,5,10,1997,12,"DO","F",35,54,"Dipodomys","ordii","Rodent","Control"
1970,8,21,1979,24,"DM","F",36,41,"Dipodomys","merriami","Rodent","Rodent Exclosure"
9620,10,20,1984,17,"DM","M",33,35,"Dipodomys","merriami","Rodent","Control"
8197,8,15,1983,12,"DM","F",35,30,"Dipodomys","merriami","Rodent","Control"
17543,5,24,1990,9,"DM","M",36,35,"Dipodomys","merriami","Rodent","Spectab exclosure"
11519,5,11,1986,8,"DS","F",49,103,"Dipodomys","spectabilis","Rodent","Control"
27113,10,26,1997,13,"OT","F",19,23,"Onychomys","torridus","Rodent","Short-term Krat Exclosure"
7667,4,16,1983,18,"DS","F",52,74,"Dipodomys","spectabilis","Rodent","Short-term Krat Exclosure"
18274,1,12,1991,14,"RM","M",11,10,"Reithrodontomys","megalotis","Rodent","Control"
21148,9,17,1993,13,"OL","M",21,34,"Onychomys","leucogaster","Rodent","Short-term Krat Exclosure"
29347,3,14,1999,20,"RM","F",17,10,"Reithrodontomys","megalotis","Rodent","Short-term Krat Exclosure"
21433,3,11,1994,12,"DM","F",36,41,"Dipodomys","merriami","Rodent","Control"
25292,3,16,1997,15,"RM","M",16,11,"Reithrodontomys","megalotis","Rodent","Long-term Krat Exclosure"
30435,3,4,2000,2,"RM","F",17,13,"Reithrodontomys","megalotis","Rodent","Control"
2308,1,15,1980,8,"DM","M",35,40,"Dipodomys","merriami","Rodent","Control"
29480,4,17,1999,21,"PB","F",26,33,"Chaetodipus","baileyi","Rodent","Long-term Krat Exclosure"
26453,7,9,1997,8,"DO","F",36,42,"Dipodomys","ordii","Rodent","Control"
15744,3,13,1989,20,"OT","M",21,28,"Onychomys","torridus","Rodent","Short-term Krat Exclosure"
33591,3,13,2002,12,"DO","F",36,63,"Dipodomys","ordii","Rodent","Control"
21022,7,15,1993,13,"PP","F",22,17,"Chaetodipus","penicillatus","Rodent","Short-term Krat Exclosure"
33445,2,9,2002,17,"DM","F",37,49,"Dipodomys","merriami","Rodent","Control"
5434,2,23,1982,14,"OL","M",18,36,"Onychomys","leucogaster","Rodent","Control"
26372,7,9,1997,19,"PE","M",20,16,"Peromyscus","eremicus","Rodent","Long-term Krat Exclosure"
22415,6,28,1995,11,"DM","F",37,31,"Dipodomys","merriami","Rodent","Control"
6478,8,16,1982,8,"DO","M",37,50,"Dipodomys","ordii","Rodent","Control"
22682,9,23,1995,2,"PP","F",21,16,"Chaetodipus","penicillatus","Rodent","Control"
28741,10,25,1998,3,"OT","F",20,20,"Onychomys","torridus","Rodent","Long-term Krat Exclosure"
7640,4,16,1983,21,"PF","M",16,8,"Perognathus","flavus","Rodent","Long-term Krat Exclosure"
22456,7,20,1995,12,"DM","F",35,43,"Dipodomys","merriami","Rodent","Control"
14626,6,12,1988,9,"DM","M",37,50,"Dipodomys","merriami","Rodent","Spectab exclosure"
1888,7,4,1979,18,"DS","M",46,59,"Dipodomys","spectabilis","Rodent","Short-term Krat Exclosure"
21923,11,2,1994,8,"DM","M",37,43,"Dipodomys","merriami","Rodent","Control"
18279,1,12,1991,8,"DM","M",36,37,"Dipodomys","merriami","Rodent","Control"
19491,12,8,1991,3,"RM","M",16,9,"Reithrodontomys","megalotis","Rodent","Long-term Krat Exclosure"
7501,3,14,1983,24,"DM","M",35,44,"Dipodomys","merriami","Rodent","Rodent Exclosure"
26905,9,28,1997,4,"OT","M",19,28,"Onychomys","torridus","Rodent","Control"
18542,3,14,1991,3,"OT","M",20,28,"Onychomys","torridus","Rodent","Long-term Krat Exclosure"
21129,9,17,1993,3,"NL","M",35,137,"Neotoma","albigula","Rodent","Long-term Krat Exclosure"
32142,5,27,2001,14,"PP","M",23,13,"Chaetodipus","penicillatus","Rodent","Control"
19898,4,4,1992,22,"DM","F",32,45,"Dipodomys","merriami","Rodent","Control"
25812,5,10,1997,20,"PP","M",23,13,"Chaetodipus","penicillatus","Rodent","Short-term Krat Exclosure"
12436,3,2,1987,3,"RM","F",15,10,"Reithrodontomys","megalotis","Rodent","Long-term Krat Exclosure"
8447,10,15,1983,17,"DS","M",51,125,"Dipodomys","spectabilis","Rodent","Control"
1799,5,29,1979,17,"DS","M",49,147,"Dipodomys","spectabilis","Rodent","Control"
14230,3,20,1988,6,"OL","F",20,39,"Onychomys","leucogaster","Rodent","Short-term Krat Exclosure"
18243,1,11,1991,21,"RM","F",16,15,"Reithrodontomys","megalotis","Rodent","Long-term Krat Exclosure"
25172,3,15,1997,22,"DM","M",37,54,"Dipodomys","merriami","Rodent","Control"
10669,8,19,1985,24,"OT","F",21,28,"Onychomys","torridus","Rodent","Rodent Exclosure"
18198,1,11,1991,12,"OL","M",21,32,"Onychomys","leucogaster","Rodent","Control"
32724,9,23,2001,6,"PB","M",26,31,"Chaetodipus","baileyi","Rodent","Short-term Krat Exclosure"
27092,10,26,1997,3,"DO","M",36,45,"Dipodomys","ordii","Rodent","Long-term Krat Exclosure"
11651,7,3,1986,12,"NL","F",30,134,"Neotoma","albigula","Rodent","Control"
33415,2,9,2002,2,"NL","M",33,120,"Neotoma","albigula","Rodent","Control"
28375,8,22,1998,19,"PB","M",26,28,"Chaetodipus","baileyi","Rodent","Long-term Krat Exclosure"
21493,4,10,1994,12,"DM","F",37,41,"Dipodomys","merriami","Rodent","Control"
12848,5,28,1987,6,"DO","M",36,55,"Dipodomys","ordii","Rodent","Short-term Krat Exclosure"
26384,7,9,1997,4,"PF","F",15,9,"Perognathus","flavus","Rodent","Control"
33587,3,13,2002,2,"DO","F",36,55,"Dipodomys","ordii","Rodent","Control"
22122,3,4,1995,1,"DM","F",34,22,"Dipodomys","merriami","Rodent","Spectab exclosure"
16682,11,5,1989,13,"PP","M",22,14,"Chaetodipus","penicillatus","Rodent","Short-term Krat Exclosure"
3817,1,31,1981,20,"PE","F",20,25,"Peromyscus","eremicus","Rodent","Short-term Krat Exclosure"
7580,3,15,1983,8,"DS","F",49,129,"Dipodomys","spectabilis","Rodent","Control"
28637,9,21,1998,16,"PM","F",21,26,"Peromyscus","maniculatus","Rodent","Rodent Exclosure"
34333,6,16,2002,11,"PP","F",22,10,"Chaetodipus","penicillatus","Rodent","Control"
9613,9,30,1984,8,"DS","M",47,130,"Dipodomys","spectabilis","Rodent","Control"
5420,2,23,1982,14,"DM","M",38,56,"Dipodomys","merriami","Rodent","Control"
35164,11,10,2002,14,"DM","F",34,45,"Dipodomys","merriami","Rodent","Control"
17912,10,16,1990,17,"DM","M",37,49,"Dipodomys","merriami","Rodent","Control"
19786,3,7,1992,2,"DO","F",35,52,"Dipodomys","ordii","Rodent","Control"
7135,11,22,1982,12,"DM","M",37,41,"Dipodomys","merriami","Rodent","Control"
18021,11,11,1990,3,"OT","F",20,18,"Onychomys","torridus","Rodent","Long-term Krat Exclosure"
7840,5,14,1983,21,"OT","M",20,29,"Onychomys","torridus","Rodent","Long-term Krat Exclosure"
11384,4,13,1986,8,"DS","M",54,150,"Dipodomys","spectabilis","Rodent","Control"
13940,1,24,1988,3,"NL","M",33,209,"Neotoma","albigula","Rodent","Long-term Krat Exclosure"
28132,6,28,1998,13,"PB","F",26,27,"Chaetodipus","baileyi","Rodent","Short-term Krat Exclosure"
28486,9,19,1998,12,"PP","M",21,11,"Chaetodipus","penicillatus","Rodent","Control"
30389,2,6,2000,9,"PP","M",21,14,"Chaetodipus","penicillatus","Rodent","Spectab exclosure"
6362,8,15,1982,17,"DM","F",35,35,"Dipodomys","merriami","Rodent","Control"
17374,4,24,1990,1,"BA","M",14,7,"Baiomys","taylori","Rodent","Spectab exclosure"
21367,2,3,1994,9,"DM","F",38,37,"Dipodomys","merriami","Rodent","Spectab exclosure"
6738,10,23,1982,12,"NL","M",31,97,"Neotoma","albigula","Rodent","Control"
24954,2,8,1997,1,"DO","M",37,55,"Dipodomys","ordii","Rodent","Spectab exclosure"
22869,10,28,1995,19,"PP","F",21,18,"Chaetodipus","penicillatus","Rodent","Long-term Krat Exclosure"
34129,5,16,2002,8,"PP","M",23,21,"Chaetodipus","penicillatus","Rodent","Control"
1252,9,4,1978,14,"DM","F",36,40,"Dipodomys","merriami","Rodent","Control"
8208,8,15,1983,13,"NL","F",32,171,"Neotoma","albigula","Rodent","Short-term Krat Exclosure"
9013,4,9,1984,24,"DM","F",36,44,"Dipodomys","merriami","Rodent","Rodent Exclosure"
34975,11,9,2002,1,"PP","F",22,18,"Chaetodipus","penicillatus","Rodent","Spectab exclosure"
20320,8,30,1992,8,"DM","M",33,19,"Dipodomys","merriami","Rodent","Control"
11360,4,12,1986,22,"DM","M",35,30,"Dipodomys","merriami","Rodent","Control"
27795,5,2,1998,17,"PP","F",22,19,"Chaetodipus","penicillatus","Rodent","Control"
28205,7,18,1998,21,"PB","F",26,21,"Chaetodipus","baileyi","Rodent","Long-term Krat Exclosure"
23561,3,23,1996,1,"DO","M",34,37,"Dipodomys","ordii","Rodent","Spectab exclosure"
3452,11,9,1980,1,"DS","M",52,145,"Dipodomys","spectabilis","Rodent","Spectab exclosure"
13939,1,24,1988,11,"SH","F",27,51,"Sigmodon","hispidus","Rodent","Control"
12868,5,28,1987,24,"DM","M",36,51,"Dipodomys","merriami","Rodent","Rodent Exclosure"
9530,9,29,1984,12,"DM","F",36,40,"Dipodomys","merriami","Rodent","Control"
29502,4,18,1999,3,"PB","F",26,28,"Chaetodipus","baileyi","Rodent","Long-term Krat Exclosure"
20486,10,19,1992,16,"RM","F",11,11,"Reithrodontomys","megalotis","Rodent","Rodent Exclosure"
13388,9,26,1987,20,"DM","M",38,52,"Dipodomys","merriami","Rodent","Short-term Krat Exclosure"
34258,6,15,2002,17,"PB","F",27,20,"Chaetodipus","baileyi","Rodent","Control"
30407,2,6,2000,13,"PB","M",26,34,"Chaetodipus","baileyi","Rodent","Short-term Krat Exclosure"
13463,9,27,1987,2,"PE","M",20,20,"Peromyscus","eremicus","Rodent","Control"
35070,11,9,2002,24,"PE","M",21,23,"Peromyscus","eremicus","Rodent","Rodent Exclosure"
17638,6,22,1990,4,"DM","F",37,42,"Dipodomys","merriami","Rodent","Control"
28922,12,22,1998,2,"DO","F",35,43,"Dipodomys","ordii","Rodent","Control"
12609,4,6,1987,7,"RM","M",16,10,"Reithrodontomys","megalotis","Rodent","Rodent Exclosure"
18838,7,12,1991,2,"DO","F",36,45,"Dipodomys","ordii","Rodent","Control"
19645,2,6,1992,1,"DO","M",36,36,"Dipodomys","ordii","Rodent","Spectab exclosure"
3707,1,11,1981,11,"PP","F",20,14,"Chaetodipus","penicillatus","Rodent","Control"
7319,2,26,1983,24,"OT","F",20,29,"Onychomys","torridus","Rodent","Rodent Exclosure"
5838,5,21,1982,24,"NL","M",32,127,"Neotoma","albigula","Rodent","Rodent Exclosure"
22690,9,23,1995,1,"DM","M",34,53,"Dipodomys","merriami","Rodent","Spectab exclosure"
8742,12,8,1983,20,"NL","F",32,172,"Neotoma","albigula","Rodent","Short-term Krat Exclosure"
16099,6,3,1989,24,"NL","F",33,148,"Neotoma","albigula","Rodent","Rodent Exclosure"
1107,8,4,1978,12,"DS","F",49,120,"Dipodomys","spectabilis","Rodent","Control"
20688,2,26,1993,3,"SF","F",26,61,"Sigmodon","fulviventer","Rodent","Long-term Krat Exclosure"
23911,5,23,1996,12,"DM","F",30,45,"Dipodomys","merriami","Rodent","Control"
21137,9,17,1993,15,"RM","M",17,11,"Reithrodontomys","megalotis","Rodent","Long-term Krat Exclosure"
11966,11,15,1986,17,"DM","M",35,48,"Dipodomys","merriami","Rodent","Control"
7239,1,13,1983,3,"RM","M",17,12,"Reithrodontomys","megalotis","Rodent","Long-term Krat Exclosure"
996,6,9,1978,18,"DS","F",48,136,"Dipodomys","spectabilis","Rodent","Short-term Krat Exclosure"
33035,11,17,2001,2,"DM","F",35,47,"Dipodomys","merriami","Rodent","Control"
12628,4,25,1987,19,"PE","F",19,15,"Peromyscus","eremicus","Rodent","Long-term Krat Exclosure"
29556,4,18,1999,15,"RM","M",16,9,"Reithrodontomys","megalotis","Rodent","Long-term Krat Exclosure"
7967,6,17,1983,20,"NL","F",32,150,"Neotoma","albigula","Rodent","Short-term Krat Exclosure"
33255,12,15,2001,18,"PB","F",26,31,"Chaetodipus","baileyi","Rodent","Short-term Krat Exclosure"
9933,2,16,1985,12,"PE","M",19,40,"Peromyscus","eremicus","Rodent","Control"
34943,10,6,2002,14,"DM","M",35,33,"Dipodomys","merriami","Rodent","Control"
23676,4,14,1996,2,"PP","F",23,20,"Chaetodipus","penicillatus","Rodent","Control"
17988,11,10,1990,7,"RM","F",17,13,"Reithrodontomys","megalotis","Rodent","Rodent Exclosure"
31419,9,30,2000,17,"DM","M",37,47,"Dipodomys","merriami","Rodent","Control"
32341,7,22,2001,14,"PP","M",22,18,"Chaetodipus","penicillatus","Rodent","Control"
19080,9,11,1991,13,"OT","F",21,26,"Onychomys","torridus","Rodent","Short-term Krat Exclosure"
29942,11,6,1999,1,"PP","F",21,17,"Chaetodipus","penicillatus","Rodent","Spectab exclosure"
27509,2,1,1998,4,"DM","M",35,43,"Dipodomys","merriami","Rodent","Control"
25002,2,8,1997,17,"PM","F",20,22,"Peromyscus","maniculatus","Rodent","Control"
31712,1,21,2001,1,"DM","M",37,43,"Dipodomys","merriami","Rodent","Spectab exclosure"
16314,7,4,1989,13,"RF","F",18,13,"Reithrodontomys","fulvescens","Rodent","Short-term Krat Exclosure"
24000,5,24,1996,4,"PF","F",17,8,"Perognathus","flavus","Rodent","Control"
34820,10,5,2002,12,"PP","F",22,17,"Chaetodipus","penicillatus","Rodent","Control"
30115,12,6,1999,3,"PB","F",26,28,"Chaetodipus","baileyi","Rodent","Long-term Krat Exclosure"
1741,4,28,1979,9,"DS","F",49,124,"Dipodomys","spectabilis","Rodent","Spectab exclosure"
13291,8,26,1987,2,"DO","M",36,53,"Dipodomys","ordii","Rodent","Control"
16717,11,5,1989,9,"DM","F",35,30,"Dipodomys","merriami","Rodent","Spectab exclosure"
32510,8,26,2001,6,"PB","F",26,29,"Chaetodipus","baileyi","Rodent","Short-term Krat Exclosure"
16359,7,30,1989,13,"PP","F",22,19,"Chaetodipus","penicillatus","Rodent","Short-term Krat Exclosure"
7773,4,17,1983,4,"DS","F",49,140,"Dipodomys","spectabilis","Rodent","Control"
12731,4,26,1987,2,"PE","M",21,21,"Peromyscus","eremicus","Rodent","Control"
27913,5,28,1998,17,"PP","F",22,17,"Chaetodipus","penicillatus","Rodent","Control"
19924,4,5,1992,9,"DM","M",37,49,"Dipodomys","merriami","Rodent","Spectab exclosure"
24218,7,20,1996,17,"DM","M",37,53,"Dipodomys","merriami","Rodent","Control"
20464,10,18,1992,24,"RM","M",16,12,"Reithrodontomys","megalotis","Rodent","Rodent Exclosure"
5986,6,28,1982,5,"DM","M",33,36,"Dipodomys","merriami","Rodent","Rodent Exclosure"
24801,12,18,1996,19,"PF","M",16,8,"Perognathus","flavus","Rodent","Long-term Krat Exclosure"
10994,11,16,1985,18,"DM","F",37,39,"Dipodomys","merriami","Rodent","Short-term Krat Exclosure"
25331,3,16,1997,9,"DM","M",38,48,"Dipodomys","merriami","Rodent","Spectab exclosure"
33742,4,16,2002,1,"DM","M",37,48,"Dipodomys","merriami","Rodent","Spectab exclosure"
32475,8,25,2001,7,"PP","M",23,16,"Chaetodipus","penicillatus","Rodent","Rodent Exclosure"
5035,11,23,1981,14,"DM","M",36,47,"Dipodomys","merriami","Rodent","Control"
26205,6,11,1997,13,"PB","M",26,31,"Chaetodipus","baileyi","Rodent","Short-term Krat Exclosure"
6034,6,28,1982,4,"DM","M",37,46,"Dipodomys","merriami","Rodent","Control"
32155,6,25,2001,1,"PP","M",22,12,"Chaetodipus","penicillatus","Rodent","Spectab exclosure"
22048,2,4,1995,1,"DM","F",36,40,"Dipodomys","merriami","Rodent","Spectab exclosure"
28683,10,24,1998,17,"DM","M",36,47,"Dipodomys","merriami","Rodent","Control"
19787,3,7,1992,17,"OL","F",19,37,"Onychomys","leucogaster","Rodent","Control"
7306,1,13,1983,1,"DM","F",36,35,"Dipodomys","merriami","Rodent","Spectab exclosure"
17629,6,22,1990,4,"DM","F",36,40,"Dipodomys","merriami","Rodent","Control"
30970,7,1,2000,17,"DO","M",34,51,"Dipodomys","ordii","Rodent","Control"
34244,6,15,2002,17,"PB","M",27,47,"Chaetodipus","baileyi","Rodent","Control"
18365,2,16,1991,22,"OT","F",21,23,"Onychomys","torridus","Rodent","Control"
30171,1,8,2000,2,"DO","M",36,52,"Dipodomys","ordii","Rodent","Control"
9667,10,21,1984,9,"DO","F",34,48,"Dipodomys","ordii","Rodent","Spectab exclosure"
15029,11,5,1988,6,"OL","M",21,35,"Onychomys","leucogaster","Rodent","Short-term Krat Exclosure"
5247,1,24,1982,18,"DM","F",35,27,"Dipodomys","merriami","Rodent","Short-term Krat Exclosure"
18222,1,11,1991,18,"PF","M",15,7,"Perognathus","flavus","Rodent","Short-term Krat Exclosure"
11706,7,4,1986,1,"DM","F",36,45,"Dipodomys","merriami","Rodent","Spectab exclosure"
35071,11,9,2002,24,"PE","F",19,30,"Peromyscus","eremicus","Rodent","Rodent Exclosure"
15370,1,10,1989,21,"OT","F",21,24,"Onychomys","torridus","Rodent","Long-term Krat Exclosure"
17739,8,16,1990,12,"OL","M",21,32,"Onychomys","leucogaster","Rodent","Control"
17480,4,26,1990,3,"RM","M",18,10,"Reithrodontomys","megalotis","Rodent","Long-term Krat Exclosure"
10138,4,20,1985,18,"DM","M",37,51,"Dipodomys","merriami","Rodent","Short-term Krat Exclosure"
4709,7,30,1981,8,"OL","F",19,31,"Onychomys","leucogaster","Rodent","Control"
5475,2,24,1982,2,"DO","F",38,59,"Dipodomys","ordii","Rodent","Control"
14683,7,14,1988,23,"OT","M",19,24,"Onychomys","torridus","Rodent","Rodent Exclosure"
12714,4,26,1987,3,"PM","M",21,21,"Peromyscus","maniculatus","Rodent","Long-term Krat Exclosure"
32726,9,23,2001,6,"PB","F",25,28,"Chaetodipus","baileyi","Rodent","Short-term Krat Exclosure"
30930,7,1,2000,12,"PP","F",21,15,"Chaetodipus","penicillatus","Rodent","Control"
6475,8,16,1982,14,"DM","F",33,34,"Dipodomys","merriami","Rodent","Control"
20470,10,19,1992,9,"DM","F",35,40,"Dipodomys","merriami","Rodent","Spectab exclosure"
13702,11,21,1987,6,"DO","F",35,49,"Dipodomys","ordii","Rodent","Short-term Krat Exclosure"
27298,12,28,1997,1,"DO","M",37,56,"Dipodomys","ordii","Rodent","Spectab exclosure"
11317,3,9,1986,5,"DO","F",38,56,"Dipodomys","ordii","Rodent","Rodent Exclosure"
34197,6,15,2002,2,"PP","M",23,22,"Chaetodipus","penicillatus","Rodent","Control"
25920,5,11,1997,14,"DM","M",37,46,"Dipodomys","merriami","Rodent","Control"
12812,5,28,1987,4,"DM","M",34,30,"Dipodomys","merriami","Rodent","Control"
29936,10,10,1999,15,"PP","F",21,17,"Chaetodipus","penicillatus","Rodent","Long-term Krat Exclosure"
29969,11,6,1999,18,"PB","F",27,34,"Chaetodipus","baileyi","Rodent","Short-term Krat Exclosure"
7016,11,21,1982,19,"RM","F",17,12,"Reithrodontomys","megalotis","Rodent","Long-term Krat Exclosure"
20159,7,4,1992,13,"OL","F",19,36,"Onychomys","leucogaster","Rodent","Short-term Krat Exclosure"
7770,4,17,1983,9,"DS","M",47,71,"Dipodomys","spectabilis","Rodent","Spectab exclosure"
28238,7,18,1998,22,"PB","F",26,26,"Chaetodipus","baileyi","Rodent","Control"
10554,7,23,1985,14,"DM","M",38,50,"Dipodomys","merriami","Rodent","Control"
31158,7,22,2000,24,"PB","M",25,25,"Chaetodipus","baileyi","Rodent","Rodent Exclosure"
18364,2,16,1991,2,"NL","F",33,185,"Neotoma","albigula","Rodent","Control"
20722,3,17,1993,12,"DM","M",34,42,"Dipodomys","merriami","Rodent","Control"
11294,3,9,1986,9,"DS","F",50,131,"Dipodomys","spectabilis","Rodent","Spectab exclosure"
23302,1,28,1996,4,"DM","M",38,54,"Dipodomys","merriami","Rodent","Control"
28175,7,18,1998,24,"PP","M",21,13,"Chaetodipus","penicillatus","Rodent","Rodent Exclosure"
22055,2,4,1995,1,"OL","F",20,25,"Onychomys","leucogaster","Rodent","Spectab exclosure"
16689,11,5,1989,4,"DM","F",35,35,"Dipodomys","merriami","Rodent","Control"
20842,5,22,1993,17,"DM","M",36,52,"Dipodomys","merriami","Rodent","Control"
7632,3,15,1983,15,"RM","F",16,9,"Reithrodontomys","megalotis","Rodent","Long-term Krat Exclosure"
26748,7,30,1997,8,"DO","F",38,47,"Dipodomys","ordii","Rodent","Control"
21376,2,3,1994,11,"DM","F",37,43,"Dipodomys","merriami","Rodent","Control"
24779,11,17,1996,3,"DO","F",35,45,"Dipodomys","ordii","Rodent","Long-term Krat Exclosure"
9881,1,20,1985,8,"DO","F",34,41,"Dipodomys","ordii","Rodent","Control"
19326,11,15,1991,6,"DM","M",37,41,"Dipodomys","merriami","Rodent","Short-term Krat Exclosure"
18691,5,14,1991,8,"DM","M",37,45,"Dipodomys","merriami","Rodent","Control"
33931,4,17,2002,17,"DM","F",37,47,"Dipodomys","merriami","Rodent","Control"
23940,5,23,1996,17,"DM","F",36,42,"Dipodomys","merriami","Rodent","Control"
2433,2,24,1980,12,"DM","F",35,40,"Dipodomys","merriami","Rodent","Control"
19740,2,8,1992,13,"PE","F",20,25,"Peromyscus","eremicus","Rodent","Short-term Krat Exclosure"
26974,10,25,1997,21,"OT","F",19,25,"Onychomys","torridus","Rodent","Long-term Krat Exclosure"
16107,6,3,1989,19,"PM","M",22,20,"Peromyscus","maniculatus","Rodent","Long-term Krat Exclosure"
28964,12,22,1998,22,"OT","M",20,29,"Onychomys","torridus","Rodent","Control"
21573,5,18,1994,21,"PF","M",17,7,"Perognathus","flavus","Rodent","Long-term Krat Exclosure"
16192,6,4,1989,14,"NL","M",33,104,"Neotoma","albigula","Rodent","Control"
31395,9,30,2000,12,"OT","M",20,23,"Onychomys","torridus","Rodent","Control"
1750,4,28,1979,17,"DO","F",34,51,"Dipodomys","ordii","Rodent","Control"
1269,9,4,1978,2,"DM","F",38,41,"Dipodomys","merriami","Rodent","Control"
12496,4,4,1987,20,"DM","M",34,47,"Dipodomys","merriami","Rodent","Short-term Krat Exclosure"
25028,2,9,1997,14,"DM","F",37,43,"Dipodomys","merriami","Rodent","Control"
31067,7,2,2000,14,"PP","M",20,17,"Chaetodipus","penicillatus","Rodent","Control"
29553,4,18,1999,14,"DM","M",36,22,"Dipodomys","merriami","Rodent","Control"
27282,11,22,1997,12,"NL","F",32,122,"Neotoma","albigula","Rodent","Control"
2836,4,17,1980,10,"OT","F",17,10,"Onychomys","torridus","Rodent","Rodent Exclosure"
35320,12,8,2002,6,"OT","F",20,24,"Onychomys","torridus","Rodent","Short-term Krat Exclosure"
24770,11,17,1996,8,"DM","F",36,38,"Dipodomys","merriami","Rodent","Control"
31213,8,25,2000,2,"OT","F",21,32,"Onychomys","torridus","Rodent","Control"
13260,8,26,1987,15,"RM","F",16,12,"Reithrodontomys","megalotis","Rodent","Long-term Krat Exclosure"
6527,9,18,1982,1,"OT","F",21,24,"Onychomys","torridus","Rodent","Spectab exclosure"
28021,6,27,1998,17,"DM","M",39,47,"Dipodomys","merriami","Rodent","Control"
11348,4,12,1986,12,"DS","M",48,120,"Dipodomys","spectabilis","Rodent","Control"
27801,5,3,1998,15,"PL","M",21,22,"Peromyscus","leucopus","Rodent","Long-term Krat Exclosure"
34638,7,14,2002,14,"PP","F",22,19,"Chaetodipus","penicillatus","Rodent","Control"
16878,12,5,1989,8,"DM","F",37,42,"Dipodomys","merriami","Rodent","Control"
3431,11,8,1980,20,"DM","M",37,35,"Dipodomys","merriami","Rodent","Short-term Krat Exclosure"
824,4,10,1978,12,"DM","M",38,45,"Dipodomys","merriami","Rodent","Control"
32547,8,26,2001,8,"OT","M",21,22,"Onychomys","torridus","Rodent","Control"
18394,2,17,1991,11,"OL","M",20,30,"Onychomys","leucogaster","Rodent","Control"
20462,10,18,1992,2,"OT","M",21,23,"Onychomys","torridus","Rodent","Control"
24879,12,19,1996,3,"DO","F",34,53,"Dipodomys","ordii","Rodent","Long-term Krat Exclosure"
19249,11,13,1991,19,"BA","M",12,8,"Baiomys","taylori","Rodent","Long-term Krat Exclosure"
21413,2,21,1994,21,"PF","F",18,8,"Perognathus","flavus","Rodent","Long-term Krat Exclosure"
30509,3,5,2000,4,"DM","F",33,41,"Dipodomys","merriami","Rodent","Control"
35174,11,10,2002,15,"PB","F",25,31,"Chaetodipus","baileyi","Rodent","Long-term Krat Exclosure"
11530,5,11,1986,9,"DM","M",37,45,"Dipodomys","merriami","Rodent","Spectab exclosure"
20020,5,30,1992,2,"OT","M",19,16,"Onychomys","torridus","Rodent","Control"
7563,3,15,1983,1,"DO","F",34,52,"Dipodomys","ordii","Rodent","Spectab exclosure"
21634,6,14,1994,18,"PP","M",22,18,"Chaetodipus","penicillatus","Rodent","Short-term Krat Exclosure"
158,9,11,1977,22,"DM","M",36,48,"Dipodomys","merriami","Rodent","Control"
22554,8,26,1995,1,"DM","F",36,42,"Dipodomys","merriami","Rodent","Spectab exclosure"
15018,10,9,1988,8,"DM","F",34,25,"Dipodomys","merriami","Rodent","Control"
31292,8,26,2000,4,"PB","M",27,29,"Chaetodipus","baileyi","Rodent","Control"
10105,3,17,1985,9,"DS","M",47,96,"Dipodomys","spectabilis","Rodent","Spectab exclosure"
23373,2,24,1996,1,"PB","F",26,31,"Chaetodipus","baileyi","Rodent","Spectab exclosure"
4503,6,4,1981,5,"DS","M",49,103,"Dipodomys","spectabilis","Rodent","Rodent Exclosure"
9542,9,29,1984,12,"DM","F",35,34,"Dipodomys","merriami","Rodent","Control"
23689,4,14,1996,22,"DM","M",37,51,"Dipodomys","merriami","Rodent","Control"
12330,3,1,1987,6,"DO","F",35,42,"Dipodomys","ordii","Rodent","Short-term Krat Exclosure"
18260,1,12,1991,15,"RM","F",17,13,"Reithrodontomys","megalotis","Rodent","Long-term Krat Exclosure"
24691,11,16,1996,1,"PB","F",26,34,"Chaetodipus","baileyi","Rodent","Spectab exclosure"
18370,2,16,1991,1,"DM","M",37,46,"Dipodomys","merriami","Rodent","Spectab exclosure"
20369,9,26,1992,1,"DO","F",34,55,"Dipodomys","ordii","Rodent","Spectab exclosure"
861,5,17,1978,21,"OL","F",19,29,"Onychomys","leucogaster","Rodent","Long-term Krat Exclosure"
25675,4,13,1997,11,"RM","M",17,12,"Reithrodontomys","megalotis","Rodent","Control"
24184,7,20,1996,7,"PP","F",24,22,"Chaetodipus","penicillatus","Rodent","Rodent Exclosure"
5314,1,25,1982,17,"RM","M",17,10,"Reithrodontomys","megalotis","Rodent","Control"
5575,3,29,1982,20,"DM","F",36,42,"Dipodomys","merriami","Rodent","Short-term Krat Exclosure"
1737,4,28,1979,9,"DS","F",44,51,"Dipodomys","spectabilis","Rodent","Spectab exclosure"
21920,11,2,1994,9,"DM","M",36,39,"Dipodomys","merriami","Rodent","Spectab exclosure"
35417,12,29,2002,19,"SF","M",25,45,"Sigmodon","fulviventer","Rodent","Long-term Krat Exclosure"
3716,1,11,1981,22,"DS","F",48,136,"Dipodomys","spectabilis","Rodent","Control"
13908,1,23,1988,6,"PE","F",21,26,"Peromyscus","eremicus","Rodent","Short-term Krat Exclosure"
34621,7,14,2002,8,"PP","F",22,12,"Chaetodipus","penicillatus","Rodent","Control"
20214,7,31,1992,11,"DM","F",35,25,"Dipodomys","merriami","Rodent","Control"
17731,7,22,1990,9,"DM","F",37,40,"Dipodomys","merriami","Rodent","Spectab exclosure"
11581,6,4,1986,17,"NL","F",33,182,"Neotoma","albigula","Rodent","Control"
33717,3,14,2002,13,"PF","M",15,7,"Perognathus","flavus","Rodent","Short-term Krat Exclosure"
32338,7,22,2001,14,"DO","M",38,45,"Dipodomys","ordii","Rodent","Control"
16873,12,5,1989,8,"DO","M",37,51,"Dipodomys","ordii","Rodent","Control"
35251,12,7,2002,22,"PB","M",27,37,"Chaetodipus","baileyi","Rodent","Control"
30259,1,10,2000,8,"PB","M",24,37,"Chaetodipus","baileyi","Rodent","Control"
13248,8,25,1987,20,"DM","M",37,48,"Dipodomys","merriami","Rodent","Short-term Krat Exclosure"
14155,2,22,1988,2,"DO","F",37,44,"Dipodomys","ordii","Rodent","Control"
13392,9,26,1987,6,"PP","F",21,15,"Chaetodipus","penicillatus","Rodent","Short-term Krat Exclosure"
9974,2,16,1985,6,"DM","M",47,39,"Dipodomys","merriami","Rodent","Short-term Krat Exclosure"
10451,6,15,1985,18,"DM","F",34,40,"Dipodomys","merriami","Rodent","Short-term Krat Exclosure"
28995,12,23,1998,9,"DM","F",36,40,"Dipodomys","merriami","Rodent","Spectab exclosure"
19532,12,8,1991,13,"OL","M",21,23,"Onychomys","leucogaster","Rodent","Short-term Krat Exclosure"
288,10,17,1977,17,"DM","M",37,48,"Dipodomys","merriami","Rodent","Control"
1861,7,3,1979,9,"DS","F",46,96,"Dipodomys","spectabilis","Rodent","Spectab exclosure"
1914,7,24,1979,20,"NL","F",30,116,"Neotoma","albigula","Rodent","Short-term Krat Exclosure"
9506,8,26,1984,15,"NL","M",34,216,"Neotoma","albigula","Rodent","Long-term Krat Exclosure"
12898,6,30,1987,12,"DO","F",35,53,"Dipodomys","ordii","Rodent","Control"
23070,12,3,1995,14,"DM","F",36,49,"Dipodomys","merriami","Rodent","Control"
21853,10,13,1994,14,"DM","M",36,42,"Dipodomys","merriami","Rodent","Control"
32512,8,26,2001,6,"PP","F",22,16,"Chaetodipus","penicillatus","Rodent","Short-term Krat Exclosure"
15921,4,2,1989,20,"RF","F",17,13,"Reithrodontomys","fulvescens","Rodent","Short-term Krat Exclosure"
12424,3,2,1987,11,"DM","M",37,45,"Dipodomys","merriami","Rodent","Control"
21529,4,11,1994,4,"DM","F",37,41,"Dipodomys","merriami","Rodent","Control"
21037,8,19,1993,1,"DM","F",34,36,"Dipodomys","merriami","Rodent","Spectab exclosure"
5402,2,23,1982,6,"RM","M",16,11,"Reithrodontomys","megalotis","Rodent","Short-term Krat Exclosure"
11293,3,9,1986,11,"PP","M",22,15,"Chaetodipus","penicillatus","Rodent","Control"
21470,3,12,1994,13,"DM","M",36,42,"Dipodomys","merriami","Rodent","Short-term Krat Exclosure"
21722,8,17,1994,7,"PP","F",22,20,"Chaetodipus","penicillatus","Rodent","Rodent Exclosure"
9918,1,20,1985,11,"DM","F",35,43,"Dipodomys","merriami","Rodent","Control"
34161,5,16,2002,14,"DM","F",35,37,"Dipodomys","merriami","Rodent","Control"
6574,9,18,1982,9,"DS","M",52,125,"Dipodomys","spectabilis","Rodent","Spectab exclosure"
22528,7,21,1995,9,"DM","M",35,34,"Dipodomys","merriami","Rodent","Spectab exclosure"
17380,4,24,1990,22,"DM","M",37,49,"Dipodomys","merriami","Rodent","Control"
1946,7,26,1979,15,"PP","F",22,16,"Chaetodipus","penicillatus","Rodent","Long-term Krat Exclosure"
12929,6,30,1987,18,"OT","F",19,16,"Onychomys","torridus","Rodent","Short-term Krat Exclosure"
26449,7,9,1997,3,"PP","F",21,18,"Chaetodipus","penicillatus","Rodent","Long-term Krat Exclosure"
1123,8,4,1978,17,"DM","F",33,44,"Dipodomys","merriami","Rodent","Control"
13742,11,22,1987,4,"DM","M",37,49,"Dipodomys","merriami","Rodent","Control"
25393,3,16,1997,4,"DM","M",39,52,"Dipodomys","merriami","Rodent","Control"
9228,5,27,1984,17,"NL","F",31,98,"Neotoma","albigula","Rodent","Control"
29377,3,15,1999,4,"DM","M",37,48,"Dipodomys","merriami","Rodent","Control"
5868,5,21,1982,18,"DM","F",36,41,"Dipodomys","merriami","Rodent","Short-term Krat Exclosure"
3256,9,7,1980,20,"PP","F",21,9,"Chaetodipus","penicillatus","Rodent","Short-term Krat Exclosure"
1399,11,4,1978,12,"DS","F",50,116,"Dipodomys","spectabilis","Rodent","Control"
5740,4,28,1982,17,"NL","F",32,146,"Neotoma","albigula","Rodent","Control"
8418,9,11,1983,9,"DM","F",34,39,"Dipodomys","merriami","Rodent","Spectab exclosure"
27882,5,28,1998,22,"DM","M",37,42,"Dipodomys","merriami","Rodent","Control"
13245,8,25,1987,21,"NL","F",32,150,"Neotoma","albigula","Rodent","Long-term Krat Exclosure"
26504,7,9,1997,15,"PM","F",21,22,"Peromyscus","maniculatus","Rodent","Long-term Krat Exclosure"
29072,1,16,1999,22,"DM","M",35,40,"Dipodomys","merriami","Rodent","Control"
10054,3,16,1985,22,"OT","M",16,17,"Onychomys","torridus","Rodent","Control"
1674,3,31,1979,13,"DM","F",36,37,"Dipodomys","merriami","Rodent","Short-term Krat Exclosure"
26066,6,10,1997,10,"PM","F",21,16,"Peromyscus","maniculatus","Rodent","Rodent Exclosure"
5508,3,29,1982,22,"PE","M",20,22,"Peromyscus","eremicus","Rodent","Control"
13652,11,21,1987,20,"DM","F",37,38,"Dipodomys","merriami","Rodent","Short-term Krat Exclosure"
30308,2,5,2000,2,"NL","F",31,144,"Neotoma","albigula","Rodent","Control"
8563,11,12,1983,12,"DM","F",36,38,"Dipodomys","merriami","Rodent","Control"
7799,5,14,1983,14,"DS","M",49,119,"Dipodomys","spectabilis","Rodent","Control"
8950,3,13,1984,3,"OL","M",22,42,"Onychomys","leucogaster","Rodent","Long-term Krat Exclosure"
21974,12,5,1994,8,"DM","M",36,46,"Dipodomys","merriami","Rodent","Control"
17780,8,17,1990,9,"DM","F",37,43,"Dipodomys","merriami","Rodent","Spectab exclosure"
16868,12,5,1989,5,"RM","M",17,12,"Reithrodontomys","megalotis","Rodent","Rodent Exclosure"
22079,2,5,1995,14,"DM","M",38,48,"Dipodomys","merriami","Rodent","Control"
35231,12,7,2002,18,"NL","F",32,154,"Neotoma","albigula","Rodent","Short-term Krat Exclosure"
12327,3,1,1987,12,"RM","M",16,11,"Reithrodontomys","megalotis","Rodent","Control"
15302,12,14,1988,2,"NL","M",35,248,"Neotoma","albigula","Rodent","Control"
13294,8,26,1987,4,"DM","M",33,29,"Dipodomys","merriami","Rodent","Control"
4567,6,5,1981,12,"PE","M",21,21,"Peromyscus","eremicus","Rodent","Control"
8200,8,15,1983,20,"DM","F",35,30,"Dipodomys","merriami","Rodent","Short-term Krat Exclosure"
31089,7,2,2000,10,"OT","M",19,15,"Onychomys","torridus","Rodent","Rodent Exclosure"
11625,6,5,1986,3,"OT","M",20,21,"Onychomys","torridus","Rodent","Long-term Krat Exclosure"
13712,11,21,1987,12,"RM","F",17,8,"Reithrodontomys","megalotis","Rodent","Control"
9971,2,16,1985,16,"DM","M",35,42,"Dipodomys","merriami","Rodent","Rodent Exclosure"
9419,8,1,1984,9,"PP","F",19,9,"Chaetodipus","penicillatus","Rodent","Spectab exclosure"
10517,6,16,1985,2,"DM","F",32,15,"Dipodomys","merriami","Rodent","Control"
15274,12,14,1988,7,"PE","M",21,24,"Peromyscus","eremicus","Rodent","Rodent Exclosure"
27311,12,28,1997,17,"DM","M",36,44,"Dipodomys","merriami","Rodent","Control"
27826,5,3,1998,9,"DM","M",36,48,"Dipodomys","merriami","Rodent","Spectab exclosure"
18786,6,14,1991,4,"DM","M",36,44,"Dipodomys","merriami","Rodent","Control"
10348,4,21,1985,1,"DM","F",38,44,"Dipodomys","merriami","Rodent","Spectab exclosure"
23992,5,24,1996,15,"PF","F",15,8,"Perognathus","flavus","Rodent","Long-term Krat Exclosure"
30231,1,10,2000,4,"PP","M",23,17,"Chaetodipus","penicillatus","Rodent","Control"
16119,6,3,1989,16,"RM","F",17,19,"Reithrodontomys","megalotis","Rodent","Rodent Exclosure"
7276,1,13,1983,8,"PF","F",16,6,"Perognathus","flavus","Rodent","Control"
27905,5,28,1998,12,"OT","M",20,30,"Onychomys","torridus","Rodent","Control"
18053,11,11,1990,3,"RM","M",16,8,"Reithrodontomys","megalotis","Rodent","Long-term Krat Exclosure"
30049,11,7,1999,14,"OT","M",20,23,"Onychomys","torridus","Rodent","Control"
11012,11,17,1985,1,"DM","F",37,43,"Dipodomys","merriami","Rodent","Spectab exclosure"
10939,10,13,1985,13,"DS","M",49,128,"Dipodomys","spectabilis","Rodent","Short-term Krat Exclosure"
21428,2,22,1994,14,"DM","M",36,44,"Dipodomys","merriami","Rodent","Control"
31385,9,30,2000,2,"PB","M",26,31,"Chaetodipus","baileyi","Rodent","Control"
15916,4,2,1989,7,"PE","F",22,25,"Peromyscus","eremicus","Rodent","Rodent Exclosure"
23085,12,3,1995,8,"DM","M",37,46,"Dipodomys","merriami","Rodent","Control"
10695,8,20,1985,2,"DO","F",35,33,"Dipodomys","ordii","Rodent","Control"
23228,1,27,1996,21,"PP","F",21,16,"Chaetodipus","penicillatus","Rodent","Long-term Krat Exclosure"
9302,7,3,1984,18,"OT","M",20,23,"Onychomys","torridus","Rodent","Short-term Krat Exclosure"
15511,2,4,1989,18,"RM","M",16,10,"Reithrodontomys","megalotis","Rodent","Short-term Krat Exclosure"
35043,11,9,2002,22,"PB","F",27,23,"Chaetodipus","baileyi","Rodent","Control"
3914,3,8,1981,17,"DS","F",53,138,"Dipodomys","spectabilis","Rodent","Control"
23316,1,28,1996,8,"DO","F",36,51,"Dipodomys","ordii","Rodent","Control"
23823,4,15,1996,3,"OT","M",21,29,"Onychomys","torridus","Rodent","Long-term Krat Exclosure"
12982,7,1,1987,8,"DM","M",38,46,"Dipodomys","merriami","Rodent","Control"
24197,7,20,1996,2,"DM","F",30,46,"Dipodomys","merriami","Rodent","Control"
3197,8,13,1980,20,"DS","M",49,134,"Dipodomys","spectabilis","Rodent","Short-term Krat Exclosure"
31205,8,25,2000,2,"PB","M",27,48,"Chaetodipus","baileyi","Rodent","Control"
33058,11,17,2001,19,"PE","M",20,18,"Peromyscus","eremicus","Rodent","Long-term Krat Exclosure"
26726,7,30,1997,8,"DM","M",36,44,"Dipodomys","merriami","Rodent","Control"
12733,4,26,1987,1,"DM","M",37,52,"Dipodomys","merriami","Rodent","Spectab exclosure"
16124,6,3,1989,12,"RF","F",17,12,"Reithrodontomys","fulvescens","Rodent","Control"
19067,9,10,1991,9,"DM","M",37,42,"Dipodomys","merriami","Rodent","Spectab exclosure"
25513,4,12,1997,19,"PB","M",27,26,"Chaetodipus","baileyi","Rodent","Long-term Krat Exclosure"
28139,6,28,1998,15,"PP","M",21,11,"Chaetodipus","penicillatus","Rodent","Long-term Krat Exclosure"
12222,1,31,1987,20,"DM","M",35,49,"Dipodomys","merriami","Rodent","Short-term Krat Exclosure"
8985,4,9,1984,22,"DS","M",51,128,"Dipodomys","spectabilis","Rodent","Control"
6539,9,18,1982,5,"DM","F",34,42,"Dipodomys","merriami","Rodent","Rodent Exclosure"
25151,2,9,1997,8,"DM","M",36,38,"Dipodomys","merriami","Rodent","Control"
12386,3,1,1987,20,"DM","M",35,51,"Dipodomys","merriami","Rodent","Short-term Krat Exclosure"
14785,8,9,1988,6,"PE","M",20,20,"Peromyscus","eremicus","Rodent","Short-term Krat Exclosure"
3498,11,9,1980,18,"DM","F",36,45,"Dipodomys","merriami","Rodent","Short-term Krat Exclosure"
19152,10,11,1991,8,"DO","M",36,55,"Dipodomys","ordii","Rodent","Control"
27814,5,3,1998,3,"PP","F",20,17,"Chaetodipus","penicillatus","Rodent","Long-term Krat Exclosure"
13757,11,22,1987,2,"DM","M",37,44,"Dipodomys","merriami","Rodent","Control"
18865,7,13,1991,6,"PP","F",22,17,"Chaetodipus","penicillatus","Rodent","Short-term Krat Exclosure"
35400,12,29,2002,2,"PB","M",26,36,"Chaetodipus","baileyi","Rodent","Control"
31603,11,26,2000,14,"DM","F",32,39,"Dipodomys","merriami","Rodent","Control"
14408,4,19,1988,4,"DM","M",37,53,"Dipodomys","merriami","Rodent","Control"
17706,7,22,1990,14,"DM","F",37,40,"Dipodomys","merriami","Rodent","Control"
26993,10,25,1997,24,"PE","F",21,21,"Peromyscus","eremicus","Rodent","Rodent Exclosure"
35435,12,29,2002,18,"NL","F",31,150,"Neotoma","albigula","Rodent","Short-term Krat Exclosure"
3598,12,16,1980,8,"DO","F",34,52,"Dipodomys","ordii","Rodent","Control"
16677,11,5,1989,8,"OL","F",20,33,"Onychomys","leucogaster","Rodent","Control"
7754,4,17,1983,1,"DS","F",52,123,"Dipodomys","spectabilis","Rodent","Spectab exclosure"
26207,6,11,1997,21,"PP","F",22,28,"Chaetodipus","penicillatus","Rodent","Long-term Krat Exclosure"
2175,11,17,1979,5,"DM","M",36,48,"Dipodomys","merriami","Rodent","Rodent Exclosure"
3482,11,9,1980,14,"OT","F",19,20,"Onychomys","torridus","Rodent","Control"
13988,1,24,1988,11,"DM","F",36,35,"Dipodomys","merriami","Rodent","Control"
17034,1,29,1990,12,"DO","M",37,55,"Dipodomys","ordii","Rodent","Control"
18024,11,11,1990,11,"DM","M",36,48,"Dipodomys","merriami","Rodent","Control"
14058,2,21,1988,1,"DO","M",36,44,"Dipodomys","ordii","Rodent","Spectab exclosure"
23903,5,23,1996,18,"PP","M",24,21,"Chaetodipus","penicillatus","Rodent","Short-term Krat Exclosure"
1226,9,3,1978,17,"DM","F",34,44,"Dipodomys","merriami","Rodent","Control"
3453,11,9,1980,2,"DO","M",35,50,"Dipodomys","ordii","Rodent","Control"
21304,12,15,1993,15,"PF","F",16,7,"Perognathus","flavus","Rodent","Long-term Krat Exclosure"
15794,3,14,1989,16,"RM","M",17,11,"Reithrodontomys","megalotis","Rodent","Rodent Exclosure"
5055,11,23,1981,5,"DM","F",37,38,"Dipodomys","merriami","Rodent","Rodent Exclosure"
10195,4,20,1985,18,"DM","F",35,46,"Dipodomys","merriami","Rodent","Short-term Krat Exclosure"
29850,9,12,1999,14,"DM","M",36,48,"Dipodomys","merriami","Rodent","Control"
28368,8,22,1998,19,"PB","M",26,29,"Chaetodipus","baileyi","Rodent","Long-term Krat Exclosure"
7058,11,22,1982,2,"OT","M",21,27,"Onychomys","torridus","Rodent","Control"
22945,10,29,1995,14,"DM","M",37,48,"Dipodomys","merriami","Rodent","Control"
35290,12,8,2002,3,"PB","F",25,30,"Chaetodipus","baileyi","Rodent","Long-term Krat Exclosure"
1637,2,24,1979,9,"DS","F",50,124,"Dipodomys","spectabilis","Rodent","Spectab exclosure"
10858,10,12,1985,22,"DM","F",39,40,"Dipodomys","merriami","Rodent","Control"
28935,12,22,1998,12,"DM","M",36,33,"Dipodomys","merriami","Rodent","Control"
32880,10,13,2001,21,"PB","M",28,37,"Chaetodipus","baileyi","Rodent","Long-term Krat Exclosure"
8776,12,9,1983,8,"DO","M",36,50,"Dipodomys","ordii","Rodent","Control"
2251,11,18,1979,22,"DS","M",49,141,"Dipodomys","spectabilis","Rodent","Control"
18116,12,15,1990,1,"DM","M",37,45,"Dipodomys","merriami","Rodent","Spectab exclosure"
28159,6,28,1998,13,"PB","F",26,37,"Chaetodipus","baileyi","Rodent","Short-term Krat Exclosure"
7806,5,14,1983,19,"PE","M",21,16,"Peromyscus","eremicus","Rodent","Long-term Krat Exclosure"
8523,10,16,1983,5,"DM","M",35,43,"Dipodomys","merriami","Rodent","Rodent Exclosure"
32694,9,23,2001,3,"OT","M",21,24,"Onychomys","torridus","Rodent","Long-term Krat Exclosure"
27283,11,22,1997,21,"OT","M",20,21,"Onychomys","torridus","Rodent","Long-term Krat Exclosure"
12674,4,26,1987,4,"OL","F",21,29,"Onychomys","leucogaster","Rodent","Control"
8331,9,10,1983,20,"DS","M",51,146,"Dipodomys","spectabilis","Rodent","Short-term Krat Exclosure"
34761,10,5,2002,1,"PP","F",22,10,"Chaetodipus","penicillatus","Rodent","Spectab exclosure"
9094,5,12,1984,18,"NL","M",32,120,"Neotoma","albigula","Rodent","Short-term Krat Exclosure"
20562,12,22,1992,5,"RM","F",9,17,"Reithrodontomys","megalotis","Rodent","Rodent Exclosure"
14810,8,10,1988,11,"DM","M",39,40,"Dipodomys","merriami","Rodent","Control"
11154,12,8,1985,4,"DS","F",49,126,"Dipodomys","spectabilis","Rodent","Control"
24728,11,17,1996,4,"PF","F",16,7,"Perognathus","flavus","Rodent","Control"
3497,11,9,1980,18,"DM","M",38,40,"Dipodomys","merriami","Rodent","Short-term Krat Exclosure"
4388,5,3,1981,24,"DM","M",36,41,"Dipodomys","merriami","Rodent","Rodent Exclosure"
370,11,12,1977,9,"DM","M",35,40,"Dipodomys","merriami","Rodent","Spectab exclosure"
32656,9,22,2001,20,"PB","M",27,37,"Chaetodipus","baileyi","Rodent","Short-term Krat Exclosure"
28178,7,18,1998,22,"DM","M",36,49,"Dipodomys","merriami","Rodent","Control"
17276,3,29,1990,12,"OT","F",20,24,"Onychomys","torridus","Rodent","Control"
19979,5,3,1992,9,"DM","M",33,25,"Dipodomys","merriami","Rodent","Spectab exclosure"
31403,9,30,2000,18,"PP","F",22,16,"Chaetodipus","penicillatus","Rodent","Short-term Krat Exclosure"
21501,4,10,1994,12,"DM","F",37,37,"Dipodomys","merriami","Rodent","Control"
31014,7,2,2000,6,"PP","M",22,14,"Chaetodipus","penicillatus","Rodent","Short-term Krat Exclosure"
20021,5,30,1992,17,"DM","F",36,38,"Dipodomys","merriami","Rodent","Control"
33182,11,18,2001,8,"PB","F",27,31,"Chaetodipus","baileyi","Rodent","Control"
1981,8,22,1979,17,"OT","M",18,27,"Onychomys","torridus","Rodent","Control"
23351,2,24,1996,12,"DM","F",38,44,"Dipodomys","merriami","Rodent","Control"
11379,4,13,1986,9,"DM","M",37,47,"Dipodomys","merriami","Rodent","Spectab exclosure"
654,3,11,1978,22,"DM","F",37,40,"Dipodomys","merriami","Rodent","Control"
31573,11,26,2000,6,"OT","F",19,22,"Onychomys","torridus","Rodent","Short-term Krat Exclosure"
5364,2,22,1982,24,"DO","M",36,48,"Dipodomys","ordii","Rodent","Rodent Exclosure"
26959,10,25,1997,1,"DM","F",35,39,"Dipodomys","merriami","Rodent","Spectab exclosure"
27431,1,31,1998,24,"PM","M",22,28,"Peromyscus","maniculatus","Rodent","Rodent Exclosure"
6515,9,18,1982,9,"NL","M",33,159,"Neotoma","albigula","Rodent","Spectab exclosure"
28465,8,23,1998,13,"PB","F",26,31,"Chaetodipus","baileyi","Rodent","Short-term Krat Exclosure"
22824,9,24,1995,13,"PP","F",22,15,"Chaetodipus","penicillatus","Rodent","Short-term Krat Exclosure"
22870,10,28,1995,1,"PB","F",26,39,"Chaetodipus","baileyi","Rodent","Spectab exclosure"
21756,9,6,1994,17,"DM","F",36,40,"Dipodomys","merriami","Rodent","Control"
11283,3,8,1986,19,"RM","F",16,10,"Reithrodontomys","megalotis","Rodent","Long-term Krat Exclosure"
30018,11,7,1999,11,"DM","M",36,55,"Dipodomys","merriami","Rodent","Control"
7440,2,27,1983,2,"PE","F",19,23,"Peromyscus","eremicus","Rodent","Control"
22401,6,28,1995,3,"PP","M",23,19,"Chaetodipus","penicillatus","Rodent","Long-term Krat Exclosure"
11180,12,8,1985,11,"RM","F",17,6,"Reithrodontomys","megalotis","Rodent","Control"
4881,10,24,1981,22,"OL","F",21,24,"Onychomys","leucogaster","Rodent","Control"
18265,1,12,1991,4,"RM","F",15,10,"Reithrodontomys","megalotis","Rodent","Control"
10272,4,21,1985,11,"OL","M",22,25,"Onychomys","leucogaster","Rodent","Control"
27961,5,29,1998,9,"DM","M",36,45,"Dipodomys","merriami","Rodent","Spectab exclosure"
13555,10,24,1987,18,"PM","M",19,24,"Peromyscus","maniculatus","Rodent","Short-term Krat Exclosure"
30179,1,8,2000,12,"DM","M",36,60,"Dipodomys","merriami","Rodent","Control"
31185,7,23,2000,4,"PB","F",25,29,"Chaetodipus","baileyi","Rodent","Control"
20814,4,24,1993,4,"DM","M",37,50,"Dipodomys","merriami","Rodent","Control"
32699,9,23,2001,3,"PB","M",26,35,"Chaetodipus","baileyi","Rodent","Long-term Krat Exclosure"
32826,10,13,2001,2,"PB","F",26,32,"Chaetodipus","baileyi","Rodent","Control"
34136,5,16,2002,8,"PP","F",22,18,"Chaetodipus","penicillatus","Rodent","Control"
32520,8,26,2001,11,"DM","M",37,49,"Dipodomys","merriami","Rodent","Control"
13484,9,27,1987,2,"OT","M",20,24,"Onychomys","torridus","Rodent","Control"
2511,2,25,1980,24,"DM","M",37,51,"Dipodomys","merriami","Rodent","Rodent Exclosure"
11226,12,8,1985,1,"DM","M",38,47,"Dipodomys","merriami","Rodent","Spectab exclosure"
15324,1,10,1989,21,"RM","M",17,12,"Reithrodontomys","megalotis","Rodent","Long-term Krat Exclosure"
9807,1,19,1985,12,"DM","F",37,33,"Dipodomys","merriami","Rodent","Control"
9089,5,12,1984,24,"DM","F",36,40,"Dipodomys","merriami","Rodent","Rodent Exclosure"
2283,1,15,1980,11,"OL","M",21,23,"Onychomys","leucogaster","Rodent","Control"
4836,9,30,1981,11,"OT","F",22,24,"Onychomys","torridus","Rodent","Control"
19306,11,14,1991,9,"DM","M",37,41,"Dipodomys","merriami","Rodent","Spectab exclosure"
20378,9,27,1992,3,"PP","M",22,17,"Chaetodipus","penicillatus","Rodent","Long-term Krat Exclosure"
5608,3,30,1982,13,"DO","M",37,37,"Dipodomys","ordii","Rodent","Short-term Krat Exclosure"
22461,7,20,1995,1,"PP","M",21,20,"Chaetodipus","penicillatus","Rodent","Spectab exclosure"
24192,7,20,1996,21,"PP","F",20,17,"Chaetodipus","penicillatus","Rodent","Long-term Krat Exclosure"
27893,5,28,1998,22,"OT","M",19,29,"Onychomys","torridus","Rodent","Control"
1050,7,7,1978,22,"DS","F",49,123,"Dipodomys","spectabilis","Rodent","Control"
21980,12,5,1994,3,"RM","F",16,16,"Reithrodontomys","megalotis","Rodent","Long-term Krat Exclosure"
14037,2,21,1988,20,"DO","M",36,49,"Dipodomys","ordii","Rodent","Short-term Krat Exclosure"
10432,5,24,1985,1,"DS","F",52,107,"Dipodomys","spectabilis","Rodent","Spectab exclosure"
8466,10,15,1983,19,"PE","M",20,20,"Peromyscus","eremicus","Rodent","Long-term Krat Exclosure"
34950,10,6,2002,14,"DM","F",35,43,"Dipodomys","merriami","Rodent","Control"
18724,5,14,1991,9,"DM","M",31,36,"Dipodomys","merriami","Rodent","Spectab exclosure"
791,4,9,1978,5,"DS","M",53,141,"Dipodomys","spectabilis","Rodent","Rodent Exclosure"
10081,3,16,1985,6,"DM","F",32,33,"Dipodomys","merriami","Rodent","Short-term Krat Exclosure"
1078,7,8,1978,15,"PP","F",23,10,"Chaetodipus","penicillatus","Rodent","Long-term Krat Exclosure"
3123,7,21,1980,24,"NL","F",29,75,"Neotoma","albigula","Rodent","Rodent Exclosure"
23611,3,24,1996,8,"DO","M",38,48,"Dipodomys","ordii","Rodent","Control"
26757,7,30,1997,14,"DM","M",35,44,"Dipodomys","merriami","Rodent","Control"
3601,12,16,1980,11,"DS","M",52,126,"Dipodomys","spectabilis","Rodent","Control"
34679,9,8,2002,19,"PP","M",22,18,"Chaetodipus","penicillatus","Rodent","Long-term Krat Exclosure"
31345,8,26,2000,13,"OT","M",19,19,"Onychomys","torridus","Rodent","Short-term Krat Exclosure"
2242,11,18,1979,20,"DM","F",33,41,"Dipodomys","merriami","Rodent","Short-term Krat Exclosure"
21784,9,7,1994,3,"PP","F",23,20,"Chaetodipus","penicillatus","Rodent","Long-term Krat Exclosure"
79,8,19,1977,7,"DM","F",34,42,"Dipodomys","merriami","Rodent","Rodent Exclosure"
13599,10,25,1987,8,"DM","M",36,37,"Dipodomys","merriami","Rodent","Control"
22820,9,24,1995,8,"PP","M",22,19,"Chaetodipus","penicillatus","Rodent","Control"
18281,1,12,1991,5,"RM","F",16,8,"Reithrodontomys","megalotis","Rodent","Rodent Exclosure"
35444,12,29,2002,17,"DM","F",36,47,"Dipodomys","merriami","Rodent","Control"
31251,8,25,2000,21,"PB","F",27,30,"Chaetodipus","baileyi","Rodent","Long-term Krat Exclosure"
12627,4,25,1987,14,"DM","F",35,46,"Dipodomys","merriami","Rodent","Control"
16364,7,30,1989,11,"DO","F",35,42,"Dipodomys","ordii","Rodent","Control"
2463,2,25,1980,3,"DS","M",52,155,"Dipodomys","spectabilis","Rodent","Long-term Krat Exclosure"
17091,1,30,1990,8,"DM","M",37,50,"Dipodomys","merriami","Rodent","Control"
348,11,12,1977,13,"DM","M",36,44,"Dipodomys","merriami","Rodent","Short-term Krat Exclosure"
19661,2,6,1992,2,"PE","F",20,19,"Peromyscus","eremicus","Rodent","Control"
21426,2,22,1994,14,"DM","M",39,43,"Dipodomys","merriami","Rodent","Control"
17472,4,26,1990,10,"RM","M",17,10,"Reithrodontomys","megalotis","Rodent","Rodent Exclosure"
19349,11,15,1991,10,"RM","F",17,9,"Reithrodontomys","megalotis","Rodent","Rodent Exclosure"
29005,12,23,1998,13,"OT","M",20,25,"Onychomys","torridus","Rodent","Short-term Krat Exclosure"
20156,7,4,1992,13,"SO","F",18,74,"Sigmodon","ochrognathus","Rodent","Short-term Krat Exclosure"
8782,12,9,1983,6,"DM","F",33,33,"Dipodomys","merriami","Rodent","Short-term Krat Exclosure"
24633,10,13,1996,9,"DM","M",35,46,"Dipodomys","merriami","Rodent","Spectab exclosure"
18547,3,14,1991,4,"DM","M",37,48,"Dipodomys","merriami","Rodent","Control"
8738,12,8,1983,23,"RM","M",16,9,"Reithrodontomys","megalotis","Rodent","Rodent Exclosure"
33618,3,13,2002,17,"DM","M",35,46,"Dipodomys","merriami","Rodent","Control"
17369,3,30,1990,8,"DM","F",36,39,"Dipodomys","merriami","Rodent","Control"
31690,12,23,2000,9,"DM","M",35,44,"Dipodomys","merriami","Rodent","Spectab exclosure"
28210,7,18,1998,19,"PB","F",25,30,"Chaetodipus","baileyi","Rodent","Long-term Krat Exclosure"
2322,1,15,1980,9,"DS","F",46,114,"Dipodomys","spectabilis","Rodent","Spectab exclosure"
3322,9,8,1980,14,"DM","M",36,47,"Dipodomys","merriami","Rodent","Control"
5742,4,28,1982,12,"PM","F",19,19,"Peromyscus","maniculatus","Rodent","Control"
30918,7,1,2000,2,"PB","M",27,24,"Chaetodipus","baileyi","Rodent","Control"
26332,7,9,1997,7,"PP","F",21,15,"Chaetodipus","penicillatus","Rodent","Rodent Exclosure"
33775,4,16,2002,11,"DO","M",35,34,"Dipodomys","ordii","Rodent","Control"
14955,10,8,1988,1,"DM","F",37,42,"Dipodomys","merriami","Rodent","Spectab exclosure"
35098,11,10,2002,9,"DM","F",35,41,"Dipodomys","merriami","Rodent","Spectab exclosure"
33958,5,15,2002,2,"DM","F",36,41,"Dipodomys","merriami","Rodent","Control"
7946,6,17,1983,14,"DM","M",33,43,"Dipodomys","merriami","Rodent","Control"
17747,8,16,1990,24,"PP","M",22,20,"Chaetodipus","penicillatus","Rodent","Rodent Exclosure"
10951,10,13,1985,2,"DO","F",38,52,"Dipodomys","ordii","Rodent","Control"
4419,5,4,1981,13,"DM","M",36,45,"Dipodomys","merriami","Rodent","Short-term Krat Exclosure"
3947,3,9,1981,2,"DM","M",35,51,"Dipodomys","merriami","Rodent","Control"
28747,10,25,1998,4,"DM","M",37,47,"Dipodomys","merriami","Rodent","Control"
594,2,18,1978,9,"DM","M",38,50,"Dipodomys","merriami","Rodent","Spectab exclosure"
10130,3,17,1985,11,"DM","M",37,43,"Dipodomys","merriami","Rodent","Control"
2517,2,25,1980,14,"DM","F",36,46,"Dipodomys","merriami","Rodent","Control"
15495,2,4,1989,21,"RM","F",17,13,"Reithrodontomys","megalotis","Rodent","Long-term Krat Exclosure"
5593,3,29,1982,23,"RM","M",17,11,"Reithrodontomys","megalotis","Rodent","Rodent Exclosure"
6554,9,18,1982,5,"DM","M",36,39,"Dipodomys","merriami","Rodent","Rodent Exclosure"
14941,10,8,1988,1,"NL","M",34,162,"Neotoma","albigula","Rodent","Spectab exclosure"
23718,4,14,1996,18,"PP","M",24,20,"Chaetodipus","penicillatus","Rodent","Short-term Krat Exclosure"
30054,11,7,1999,16,"PP","F",21,21,"Chaetodipus","penicillatus","Rodent","Rodent Exclosure"
34138,5,16,2002,8,"PB","F",26,29,"Chaetodipus","baileyi","Rodent","Control"
30150,12,6,1999,14,"PP","F",21,13,"Chaetodipus","penicillatus","Rodent","Control"
7253,1,13,1983,1,"DO","F",35,54,"Dipodomys","ordii","Rodent","Spectab exclosure"
8458,10,15,1983,14,"DM","F",36,40,"Dipodomys","merriami","Rodent","Control"
15351,1,10,1989,16,"RM","M",18,14,"Reithrodontomys","megalotis","Rodent","Rodent Exclosure"
29854,9,12,1999,15,"PP","F",22,22,"Chaetodipus","penicillatus","Rodent","Long-term Krat Exclosure"
27100,10,26,1997,13,"PB","M",27,30,"Chaetodipus","baileyi","Rodent","Short-term Krat Exclosure"
32799,9,23,2001,5,"PP","M",23,36,"Chaetodipus","penicillatus","Rodent","Rodent Exclosure"
12960,7,1,1987,2,"OL","M",21,32,"Onychomys","leucogaster","Rodent","Control"
27524,2,1,1998,14,"DM","M",35,42,"Dipodomys","merriami","Rodent","Control"
23380,2,24,1996,12,"PF","F",14,7,"Perognathus","flavus","Rodent","Control"
13943,1,24,1988,4,"DM","F",36,38,"Dipodomys","merriami","Rodent","Control"
25757,5,10,1997,19,"PM","M",19,13,"Peromyscus","maniculatus","Rodent","Long-term Krat Exclosure"
32722,9,23,2001,6,"PP","F",22,15,"Chaetodipus","penicillatus","Rodent","Short-term Krat Exclosure"
11898,10,4,1986,14,"DM","F",36,45,"Dipodomys","merriami","Rodent","Control"
29036,1,16,1999,2,"DM","M",36,44,"Dipodomys","merriami","Rodent","Control"
27024,10,25,1997,12,"OT","F",20,26,"Onychomys","torridus","Rodent","Control"
35149,11,10,2002,8,"DO","M",36,43,"Dipodomys","ordii","Rodent","Control"
19761,3,7,1992,19,"RM","M",16,11,"Reithrodontomys","megalotis","Rodent","Long-term Krat Exclosure"
27290,11,22,1997,1,"PB","F",27,30,"Chaetodipus","baileyi","Rodent","Spectab exclosure"
11703,7,4,1986,5,"DO","M",36,58,"Dipodomys","ordii","Rodent","Rodent Exclosure"
32192,6,25,2001,17,"DM","M",35,47,"Dipodomys","merriami","Rodent","Control"
25668,4,13,1997,8,"PP","M",24,22,"Chaetodipus","penicillatus","Rodent","Control"
27937,5,29,1998,6,"OT","M",20,21,"Onychomys","torridus","Rodent","Short-term Krat Exclosure"
25543,4,12,1997,17,"RM","M",17,12,"Reithrodontomys","megalotis","Rodent","Control"
29439,4,17,1999,12,"PP","F",22,14,"Chaetodipus","penicillatus","Rodent","Control"
23792,4,15,1996,4,"PF","F",16,8,"Perognathus","flavus","Rodent","Control"
33348,1,12,2002,19,"PB","M",29,51,"Chaetodipus","baileyi","Rodent","Long-term Krat Exclosure"
35171,11,10,2002,14,"DM","F",36,44,"Dipodomys","merriami","Rodent","Control"
14104,2,22,1988,2,"DM","M",36,45,"Dipodomys","merriami","Rodent","Control"
28405,8,23,1998,3,"PB","M",26,31,"Chaetodipus","baileyi","Rodent","Long-term Krat Exclosure"
16206,6,4,1989,4,"DM","M",36,37,"Dipodomys","merriami","Rodent","Control"
32191,6,25,2001,17,"DM","F",36,51,"Dipodomys","merriami","Rodent","Control"
35499,12,31,2002,4,"PB","F",27,28,"Chaetodipus","baileyi","Rodent","Control"
23030,12,2,1995,17,"PF","M",16,11,"Perognathus","flavus","Rodent","Control"
9459,8,25,1984,24,"NL","F",33,195,"Neotoma","albigula","Rodent","Rodent Exclosure"
5400,2,23,1982,5,"NL","F",32,248,"Neotoma","albigula","Rodent","Rodent Exclosure"
18519,3,14,1991,16,"RM","F",16,17,"Reithrodontomys","megalotis","Rodent","Rodent Exclosure"
1331,10,7,1978,9,"DS","M",50,132,"Dipodomys","spectabilis","Rodent","Spectab exclosure"
5380,2,22,1982,17,"RM","M",16,11,"Reithrodontomys","megalotis","Rodent","Control"
33541,2,10,2002,13,"PB","M",29,49,"Chaetodipus","baileyi","Rodent","Short-term Krat Exclosure"
25359,3,16,1997,16,"DM","M",36,50,"Dipodomys","merriami","Rodent","Rodent Exclosure"
30713,4,31,2000,14,"DM","M",35,40,"Dipodomys","merriami","Rodent","Control"
11404,4,13,1986,1,"DM","F",37,22,"Dipodomys","merriami","Rodent","Spectab exclosure"
24884,12,19,1996,3,"DO","F",36,58,"Dipodomys","ordii","Rodent","Long-term Krat Exclosure"
28207,7,18,1998,22,"OT","F",20,32,"Onychomys","torridus","Rodent","Control"
20822,4,24,1993,11,"DM","F",37,54,"Dipodomys","merriami","Rodent","Control"
33940,5,15,2002,1,"PP","M",22,15,"Chaetodipus","penicillatus","Rodent","Spectab exclosure"
6797,10,24,1982,16,"PM","F",20,19,"Peromyscus","maniculatus","Rodent","Rodent Exclosure"
30595,4,30,2000,18,"PB","F",25,34,"Chaetodipus","baileyi","Rodent","Short-term Krat Exclosure"
32288,7,22,2001,6,"PP","F",21,17,"Chaetodipus","penicillatus","Rodent","Short-term Krat Exclosure"
4739,7,31,1981,1,"PP","F",22,11,"Chaetodipus","penicillatus","Rodent","Spectab exclosure"
28882,11,22,1998,5,"PM","M",21,26,"Peromyscus","maniculatus","Rodent","Rodent Exclosure"
18267,1,12,1991,11,"DM","F",35,46,"Dipodomys","merriami","Rodent","Control"
16142,6,3,1989,21,"RM","F",16,10,"Reithrodontomys","megalotis","Rodent","Long-term Krat Exclosure"
6594,9,18,1982,6,"PF","M",16,6,"Perognathus","flavus","Rodent","Short-term Krat Exclosure"
27128,10,26,1997,16,"PM","F",20,19,"Peromyscus","maniculatus","Rodent","Rodent Exclosure"
26374,7,9,1997,17,"PP","F",21,22,"Chaetodipus","penicillatus","Rodent","Control"
22218,4,2,1995,15,"DM","F",36,37,"Dipodomys","merriami","Rodent","Long-term Krat Exclosure"
18849,7,12,1991,17,"DO","F",37,53,"Dipodomys","ordii","Rodent","Control"
22944,10,29,1995,11,"DM","M",37,50,"Dipodomys","merriami","Rodent","Control"
31465,9,31,2000,11,"DM","F",35,41,"Dipodomys","merriami","Rodent","Control"
21369,2,3,1994,11,"DM","M",38,43,"Dipodomys","merriami","Rodent","Control"
25754,5,10,1997,18,"PP","M",22,20,"Chaetodipus","penicillatus","Rodent","Short-term Krat Exclosure"
12531,4,4,1987,20,"DM","M",37,49,"Dipodomys","merriami","Rodent","Short-term Krat Exclosure"
5670,3,30,1982,5,"DM","F",34,26,"Dipodomys","merriami","Rodent","Rodent Exclosure"
29881,10,9,1999,18,"PB","F",26,33,"Chaetodipus","baileyi","Rodent","Short-term Krat Exclosure"
18205,1,11,1991,17,"DM","F",36,40,"Dipodomys","merriami","Rodent","Control"
17345,3,30,1990,2,"DO","M",36,58,"Dipodomys","ordii","Rodent","Control"
19900,4,4,1992,1,"DO","F",37,55,"Dipodomys","ordii","Rodent","Spectab exclosure"
13506,10,24,1987,12,"PE","M",22,24,"Peromyscus","eremicus","Rodent","Control"
29387,3,15,1999,6,"DM","F",37,42,"Dipodomys","merriami","Rodent","Short-term Krat Exclosure"
33025,11,17,2001,1,"PP","M",22,18,"Chaetodipus","penicillatus","Rodent","Spectab exclosure"
20129,7,4,1992,4,"DM","M",31,46,"Dipodomys","merriami","Rodent","Control"
22715,9,23,1995,22,"PF","F",16,9,"Perognathus","flavus","Rodent","Control"
1312,10,7,1978,11,"DM","F",34,45,"Dipodomys","merriami","Rodent","Control"
13597,10,25,1987,4,"DS","F",49,51,"Dipodomys","spectabilis","Rodent","Control"
16005,5,9,1989,1,"DO","F",37,39,"Dipodomys","ordii","Rodent","Spectab exclosure"
24059,6,13,1996,19,"PP","M",23,20,"Chaetodipus","penicillatus","Rodent","Long-term Krat Exclosure"
23742,4,15,1996,4,"PF","M",15,8,"Perognathus","flavus","Rodent","Control"
8685,11,13,1983,4,"DM","F",36,37,"Dipodomys","merriami","Rodent","Control"
19464,12,8,1991,13,"PF","F",16,7,"Perognathus","flavus","Rodent","Short-term Krat Exclosure"
10852,10,12,1985,17,"DM","F",37,36,"Dipodomys","merriami","Rodent","Control"
3868,2,1,1981,9,"DO","M",35,52,"Dipodomys","ordii","Rodent","Spectab exclosure"
25376,3,16,1997,16,"DM","F",36,38,"Dipodomys","merriami","Rodent","Rodent Exclosure"
34563,7,14,2002,6,"PP","F",21,15,"Chaetodipus","penicillatus","Rodent","Short-term Krat Exclosure"
25867,5,11,1997,10,"PM","F",21,24,"Peromyscus","maniculatus","Rodent","Rodent Exclosure"
22324,6,8,1995,4,"DM","M",35,30,"Dipodomys","merriami","Rodent","Control"
29016,12,23,1998,14,"DM","M",35,41,"Dipodomys","merriami","Rodent","Control"
7742,4,17,1983,2,"PE","F",21,19,"Peromyscus","eremicus","Rodent","Control"
16844,12,5,1989,8,"DM","F",37,47,"Dipodomys","merriami","Rodent","Control"
24621,10,13,1996,3,"PB","F",27,30,"Chaetodipus","baileyi","Rodent","Long-term Krat Exclosure"
22992,12,2,1995,12,"DM","F",36,47,"Dipodomys","merriami","Rodent","Control"
11133,12,7,1985,20,"PE","F",20,13,"Peromyscus","eremicus","Rodent","Short-term Krat Exclosure"
31132,7,22,2000,18,"PB","M",27,29,"Chaetodipus","baileyi","Rodent","Short-term Krat Exclosure"
23430,2,25,1996,11,"DM","M",36,53,"Dipodomys","merriami","Rodent","Control"
5455,2,23,1982,11,"OT","F",21,24,"Onychomys","torridus","Rodent","Control"
7628,3,15,1983,6,"OL","M",21,33,"Onychomys","leucogaster","Rodent","Short-term Krat Exclosure"
29052,1,16,1999,19,"PB","F",26,29,"Chaetodipus","baileyi","Rodent","Long-term Krat Exclosure"
35055,11,9,2002,21,"PB","F",26,32,"Chaetodipus","baileyi","Rodent","Long-term Krat Exclosure"
27883,5,28,1998,1,"DO","M",35,36,"Dipodomys","ordii","Rodent","Spectab exclosure"
6806,10,24,1982,6,"OT","M",21,24,"Onychomys","torridus","Rodent","Short-term Krat Exclosure"
14413,4,19,1988,3,"PE","M",20,23,"Peromyscus","eremicus","Rodent","Long-term Krat Exclosure"
27279,11,22,1997,11,"DM","F",35,45,"Dipodomys","merriami","Rodent","Control"
22786,9,24,1995,3,"PP","F",21,17,"Chaetodipus","penicillatus","Rodent","Long-term Krat Exclosure"
18495,3,14,1991,5,"RM","M",17,12,"Reithrodontomys","megalotis","Rodent","Rodent Exclosure"
31533,11,25,2000,18,"PB","M",24,34,"Chaetodipus","baileyi","Rodent","Short-term Krat Exclosure"
30087,12,5,1999,17,"DO","F",35,54,"Dipodomys","ordii","Rodent","Control"
21415,2,21,1994,4,"DM","M",35,50,"Dipodomys","merriami","Rodent","Control"
6626,9,19,1982,20,"DM","F",37,41,"Dipodomys","merriami","Rodent","Short-term Krat Exclosure"
11331,3,9,1986,10,"RM","M",17,10,"Reithrodontomys","megalotis","Rodent","Rodent Exclosure"
32974,10,14,2001,8,"PP","F",21,12,"Chaetodipus","penicillatus","Rodent","Control"
10641,8,19,1985,23,"RM","F",17,14,"Reithrodontomys","megalotis","Rodent","Rodent Exclosure"
4438,5,4,1981,13,"DM","M",37,48,"Dipodomys","merriami","Rodent","Short-term Krat Exclosure"
25413,3,16,1997,15,"PM","F",20,21,"Peromyscus","maniculatus","Rodent","Long-term Krat Exclosure"
15677,3,11,1989,14,"DM","M",37,47,"Dipodomys","merriami","Rodent","Control"
12442,3,2,1987,4,"DM","F",35,46,"Dipodomys","merriami","Rodent","Control"
16671,11,5,1989,9,"DM","M",38,55,"Dipodomys","merriami","Rodent","Spectab exclosure"
26032,6,9,1997,5,"OT","M",20,27,"Onychomys","torridus","Rodent","Rodent Exclosure"
1845,5,30,1979,2,"DM","F",36,53,"Dipodomys","merriami","Rodent","Control"
13010,7,1,1987,2,"PE","F",21,21,"Peromyscus","eremicus","Rodent","Control"
1989,8,22,1979,17,"DO","M",34,45,"Dipodomys","ordii","Rodent","Control"
24008,5,24,1996,13,"DM","M",37,24,"Dipodomys","merriami","Rodent","Short-term Krat Exclosure"
33471,2,9,2002,22,"PB","F",27,30,"Chaetodipus","baileyi","Rodent","Control"
27086,10,26,1997,4,"DM","M",36,49,"Dipodomys","merriami","Rodent","Control"
33234,12,15,2001,2,"DM","M",37,48,"Dipodomys","merriami","Rodent","Control"
21741,8,18,1994,12,"DM","F",36,43,"Dipodomys","merriami","Rodent","Control"
27505,2,1,1998,11,"OT","F",21,22,"Onychomys","torridus","Rodent","Control"
32324,7,22,2001,8,"PB","F",25,33,"Chaetodipus","baileyi","Rodent","Control"
22387,6,27,1995,24,"RM","M",19,12,"Reithrodontomys","megalotis","Rodent","Rodent Exclosure"
32452,8,25,2001,21,"PB","F",27,32,"Chaetodipus","baileyi","Rodent","Long-term Krat Exclosure"
23276,1,28,1996,4,"PF","M",17,9,"Perognathus","flavus","Rodent","Control"
29255,2,21,1999,6,"OT","M",21,28,"Onychomys","torridus","Rodent","Short-term Krat Exclosure"
6641,9,19,1982,18,"OT","F",21,25,"Onychomys","torridus","Rodent","Short-term Krat Exclosure"
20451,10,18,1992,21,"OT","M",18,22,"Onychomys","torridus","Rodent","Long-term Krat Exclosure"
12934,6,30,1987,17,"DO","M",37,51,"Dipodomys","ordii","Rodent","Control"
23288,1,28,1996,15,"RM","M",16,10,"Reithrodontomys","megalotis","Rodent","Long-term Krat Exclosure"
19835,3,8,1992,8,"OT","M",22,28,"Onychomys","torridus","Rodent","Control"
25781,5,10,1997,19,"PF","F",15,8,"Perognathus","flavus","Rodent","Long-term Krat Exclosure"
22972,10,29,1995,4,"DM","F",37,53,"Dipodomys","merriami","Rodent","Control"
17816,8,17,1990,11,"DM","F",35,23,"Dipodomys","merriami","Rodent","Control"
8681,11,13,1983,4,"DS","F",49,117,"Dipodomys","spectabilis","Rodent","Control"
27907,5,28,1998,12,"DM","M",34,46,"Dipodomys","merriami","Rodent","Control"
25294,3,16,1997,13,"PF","M",16,8,"Perognathus","flavus","Rodent","Short-term Krat Exclosure"
24654,10,13,1996,4,"OT","F",20,24,"Onychomys","torridus","Rodent","Control"
23910,5,23,1996,7,"PP","M",24,13,"Chaetodipus","penicillatus","Rodent","Rodent Exclosure"
31280,8,26,2000,3,"PB","F",26,34,"Chaetodipus","baileyi","Rodent","Long-term Krat Exclosure"
27393,12,29,1997,15,"PL","M",19,16,"Peromyscus","leucopus","Rodent","Long-term Krat Exclosure"
7454,2,27,1983,6,"DM","M",37,48,"Dipodomys","merriami","Rodent","Short-term Krat Exclosure"
15958,4,2,1989,20,"RM","M",17,10,"Reithrodontomys","megalotis","Rodent","Short-term Krat Exclosure"
3037,6,2,1980,7,"DM","F",36,53,"Dipodomys","merriami","Rodent","Rodent Exclosure"
12402,3,2,1987,9,"DO","M",36,55,"Dipodomys","ordii","Rodent","Spectab exclosure"
530,1,8,1978,13,"DM","M",37,42,"Dipodomys","merriami","Rodent","Short-term Krat Exclosure"
11993,11,15,1986,6,"DO","F",35,38,"Dipodomys","ordii","Rodent","Short-term Krat Exclosure"
25348,3,16,1997,10,"PM","F",20,10,"Peromyscus","maniculatus","Rodent","Rodent Exclosure"
33573,3,13,2002,1,"PP","M",23,20,"Chaetodipus","penicillatus","Rodent","Spectab exclosure"
1219,9,3,1978,9,"DM","M",38,43,"Dipodomys","merriami","Rodent","Spectab exclosure"
24768,11,17,1996,15,"PF","F",16,7,"Perognathus","flavus","Rodent","Long-term Krat Exclosure"
6834,10,24,1982,14,"DM","M",35,42,"Dipodomys","merriami","Rodent","Control"
13609,10,25,1987,1,"DM","M",37,44,"Dipodomys","merriami","Rodent","Spectab exclosure"
23858,4,15,1996,5,"PF","M",15,8,"Perognathus","flavus","Rodent","Rodent Exclosure"
7475,3,14,1983,17,"DM","F",34,36,"Dipodomys","merriami","Rodent","Control"
35255,12,7,2002,22,"PB","M",26,35,"Chaetodipus","baileyi","Rodent","Control"
5115,12,31,1981,7,"PE","F",22,24,"Peromyscus","eremicus","Rodent","Rodent Exclosure"
29289,2,21,1999,14,"OT","M",20,24,"Onychomys","torridus","Rodent","Control"
32042,5,26,2001,1,"DO","F",37,68,"Dipodomys","ordii","Rodent","Spectab exclosure"
5337,2,22,1982,12,"DS","F",49,122,"Dipodomys","spectabilis","Rodent","Control"
12208,1,31,1987,20,"DM","M",34,39,"Dipodomys","merriami","Rodent","Short-term Krat Exclosure"
31549,11,25,2000,21,"PB","F",25,32,"Chaetodipus","baileyi","Rodent","Long-term Krat Exclosure"
26962,10,25,1997,21,"OT","M",19,26,"Onychomys","torridus","Rodent","Long-term Krat Exclosure"
18643,4,21,1991,14,"DM","M",38,51,"Dipodomys","merriami","Rodent","Control"
23924,5,23,1996,20,"PP","F",23,19,"Chaetodipus","penicillatus","Rodent","Short-term Krat Exclosure"
33438,2,9,2002,12,"PE","F",21,22,"Peromyscus","eremicus","Rodent","Control"
19706,2,7,1992,17,"DO","F",35,42,"Dipodomys","ordii","Rodent","Control"
31286,8,26,2000,4,"PB","F",25,31,"Chaetodipus","baileyi","Rodent","Control"
25723,5,10,1997,22,"OT","F",19,12,"Onychomys","torridus","Rodent","Control"
18980,8,8,1991,4,"RM","F",16,9,"Reithrodontomys","megalotis","Rodent","Control"
25526,4,12,1997,17,"PM","M",22,30,"Peromyscus","maniculatus","Rodent","Control"
27793,5,2,1998,1,"DO","M",36,30,"Dipodomys","ordii","Rodent","Spectab exclosure"
9832,1,19,1985,12,"DM","F",35,36,"Dipodomys","merriami","Rodent","Control"
6461,8,16,1982,14,"PF","M",14,5,"Perognathus","flavus","Rodent","Control"
34808,10,5,2002,18,"PB","F",24,27,"Chaetodipus","baileyi","Rodent","Short-term Krat Exclosure"
2492,2,25,1980,15,"DM","F",37,42,"Dipodomys","merriami","Rodent","Long-term Krat Exclosure"
10903,10,13,1985,11,"DO","F",36,49,"Dipodomys","ordii","Rodent","Control"
14824,8,10,1988,3,"PP","M",22,9,"Chaetodipus","penicillatus","Rodent","Long-term Krat Exclosure"
18832,7,12,1991,20,"PP","M",21,14,"Chaetodipus","penicillatus","Rodent","Short-term Krat Exclosure"
25153,2,9,1997,14,"DM","M",36,43,"Dipodomys","merriami","Rodent","Control"
10457,6,15,1985,17,"DM","M",36,41,"Dipodomys","merriami","Rodent","Control"
15582,2,5,1989,7,"PE","F",19,20,"Peromyscus","eremicus","Rodent","Rodent Exclosure"
34274,6,15,2002,20,"PB","F",25,33,"Chaetodipus","baileyi","Rodent","Short-term Krat Exclosure"
21310,12,15,1993,8,"DO","M",38,45,"Dipodomys","ordii","Rodent","Control"
11957,10,5,1986,4,"DM","M",36,45,"Dipodomys","merriami","Rodent","Control"
1313,10,7,1978,17,"OL","M",20,30,"Onychomys","leucogaster","Rodent","Control"
34255,6,15,2002,17,"DM","M",36,51,"Dipodomys","merriami","Rodent","Control"
5733,4,28,1982,12,"DM","M",36,47,"Dipodomys","merriami","Rodent","Control"
25033,2,9,1997,4,"RM","F",16,10,"Reithrodontomys","megalotis","Rodent","Control"
35067,11,9,2002,20,"PB","M",26,44,"Chaetodipus","baileyi","Rodent","Short-term Krat Exclosure"
10874,10,12,1985,21,"OL","M",21,28,"Onychomys","leucogaster","Rodent","Long-term Krat Exclosure"
13498,10,24,1987,18,"PE","F",20,29,"Peromyscus","eremicus","Rodent","Short-term Krat Exclosure"
958,6,8,1978,20,"DM","F",36,42,"Dipodomys","merriami","Rodent","Short-term Krat Exclosure"
2260,11,18,1979,11,"PP","M",22,16,"Chaetodipus","penicillatus","Rodent","Control"
7064,11,22,1982,1,"DO","M",36,56,"Dipodomys","ordii","Rodent","Spectab exclosure"
26971,10,25,1997,24,"NL","F",32,140,"Neotoma","albigula","Rodent","Rodent Exclosure"
6569,9,18,1982,6,"DM","M",37,49,"Dipodomys","merriami","Rodent","Short-term Krat Exclosure"
6411,8,15,1982,23,"PE","F",20,22,"Peromyscus","eremicus","Rodent","Rodent Exclosure"
26837,9,27,1997,7,"PM","F",22,24,"Peromyscus","maniculatus","Rodent","Rodent Exclosure"
